DATAFLOW,REF_AREA,FREQ,MEASURE,UNIT_MEASURE,DESIGNATION,CALC_METHOD,SCOPE,TIME_PERIOD,OBS_VALUE,OBS_STATUS,UNIT_MULT,IUCN_CODE,DECIMALS
OECD.ENV.EPI:DSD_PA@DF_PROT_AREA(1.0),SGP,A,TERRESTRIAL,PT_LAR,ALL_INC_P,TCEOA,CNTRY,2018,5.81561662108692,A,0,ALL_INC_P,2
OECD.ENV.EPI:DSD_PA@DF_PROT_AREA(1.0),SGP,A,TERRESTRIAL,PT_LAR,ALL_INC_P,TCEOA,CNTRY,2019,5.81561662108692,A,0,ALL_INC_P,2
OECD.ENV.EPI:DSD_PA@DF_PROT_AREA(1.0),SGP,A,TERRESTRIAL,PT_LAR,ALL_INC_P,TCEOA,CNTRY,2020,5.81561662108692,A,0,ALL_INC_P,2
OECD.ENV.EPI:DSD_PA@DF_PROT_AREA(1.0),SGP,A,TERRESTRIAL,PT_LAR,ALL_INC_P,TCEOA,CNTRY,2021,5.81561662108692,A,0,ALL_INC_P,2
OECD.ENV.EPI:DSD_PA@DF_PROT_AREA(1.0),SGP,A,TERRESTRIAL,PT_LAR,ALL_INC_P,TCEOA,CNTRY,2022,5.81561662108692,A,0,ALL_INC_P,2
OECD.ENV.EPI:DSD_PA@DF_PROT_AREA(1.0),AUS,A,TERRESTRIAL,PT_LAR,ALL_INC_P,TCEOA,CNTRY,2018,19.1935329018177,A,0,ALL_INC_P,2
OECD.ENV.EPI:DSD_PA@DF_PROT_AREA(1.0),AUS,A,TERRESTRIAL,PT_LAR,ALL_INC_P,TCEOA,CNTRY,2019,19.2742368723955,A,0,ALL_INC_P,2
OECD.ENV.EPI:DSD_PA@DF_PROT_AREA(1.0),AUS,A,TERRESTRIAL,PT_LAR,ALL_INC_P,TCEOA,CNTRY,2020,20.3362183352864,A,0,ALL_INC_P,2
OECD.ENV.EPI:DSD_PA@DF_PROT_AREA(1.0),AUS,A,TERRESTRIAL,PT_LAR,ALL_INC_P,TCEOA,CNTRY,2021,20.3362183352864,A,0,ALL_INC_P,2
OECD.ENV.EPI:DSD_PA@DF_PROT_AREA(1.0),AUS,A,TERRESTRIAL,PT_LAR,ALL_INC_P,TCEOA,CNTRY,2022,20.3362183352864,A,0,ALL_INC_P,2
OECD.ENV.EPI:DSD_PA@DF_PROT_AREA(1.0),GTM,A,TERRESTRIAL,PT_LAR,ALL_INC_P,TCEOA,CNTRY,2018,19.9395378256705,A,0,ALL_INC_P,2
OECD.ENV.EPI:DSD_PA@DF_PROT_AREA(1.0),GTM,A,TERRESTRIAL,PT_LAR,ALL_INC_P,TCEOA,CNTRY,2019,19.9716473156535,A,0,ALL_INC_P,2
OECD.ENV.EPI:DSD_PA@DF_PROT_AREA(1.0),GTM,A,TERRESTRIAL,PT_LAR,ALL_INC_P,TCEOA,CNTRY,2020,19.9743800382052,A,0,ALL_INC_P,2
OECD.ENV.EPI:DSD_PA@DF_PROT_AREA(1.0),GTM,A,TERRESTRIAL,PT_LAR,ALL_INC_P,TCEOA,CNTRY,2021,19.9743800382052,A,0,ALL_INC_P,2
OECD.ENV.EPI:DSD_PA@DF_PROT_AREA(1.0),GTM,A,TERRESTRIAL,PT_LAR,ALL_INC_P,TCEOA,CNTRY,2022,19.9743800382052,A,0,ALL_INC_P,2
OECD.ENV.EPI:DSD_PA@DF_PROT_AREA(1.0),POL,A,TERRESTRIAL,PT_LAR,ALL_INC_P,TCEOA,CNTRY,2018,39.5144544835749,A,0,ALL_INC_P,2
OECD.ENV.EPI:DSD_PA@DF_PROT_AREA(1.0),POL,A,TERRESTRIAL,PT_LAR,ALL_INC_P,TCEOA,CNTRY,2019,39.5360518638145,A,0,ALL_INC_P,2
OECD.ENV.EPI:DSD_PA@DF_PROT_AREA(1.0),POL,A,TERRESTRIAL,PT_LAR,ALL_INC_P,TCEOA,CNTRY,2020,39.5360518638145,A,0,ALL_INC_P,2
OECD.ENV.EPI:DSD_PA@DF_PROT_AREA(1.0),POL,A,TERRESTRIAL,PT_LAR,ALL_INC_P,TCEOA,CNTRY,2021,39.5566857921474,A,0,ALL_INC_P,2
OECD.ENV.EPI:DSD_PA@DF_PROT_AREA(1.0),POL,A,TERRESTRIAL,PT_LAR,ALL_INC_P,TCEOA,CNTRY,2022,39.5566857921474,A,0,ALL_INC_P,2
OECD.ENV.EPI:DSD_PA@DF_PROT_AREA(1.0),CZE,A,TERRESTRIAL,PT_LAR,ALL_INC_P,TCEOA,CNTRY,2018,21.7053461758568,A,0,ALL_INC_P,2
OECD.ENV.EPI:DSD_PA@DF_PROT_AREA(1.0),CZE,A,TERRESTRIAL,PT_LAR,ALL_INC_P,TCEOA,CNTRY,2019,21.7294699282057,A,0,ALL_INC_P,2
OECD.ENV.EPI:DSD_PA@DF_PROT_AREA(1.0),CZE,A,TERRESTRIAL,PT_LAR,ALL_INC_P,TCEOA,CNTRY,2020,21.7535936805545,A,0,ALL_INC_P,2
OECD.ENV.EPI:DSD_PA@DF_PROT_AREA(1.0),CZE,A,TERRESTRIAL,PT_LAR,ALL_INC_P,TCEOA,CNTRY,2021,21.7545459339367,A,0,ALL_INC_P,2
OECD.ENV.EPI:DSD_PA@DF_PROT_AREA(1.0),CZE,A,TERRESTRIAL,PT_LAR,ALL_INC_P,TCEOA,CNTRY,2022,21.7545459339367,A,0,ALL_INC_P,2
OECD.ENV.EPI:DSD_PA@DF_PROT_AREA(1.0),UMI,A,TERRESTRIAL,PT_LAR,ALL_INC_P,TCEOA,CNTRY,2018,92.6632400819969,A,0,ALL_INC_P,2
OECD.ENV.EPI:DSD_PA@DF_PROT_AREA(1.0),UMI,A,TERRESTRIAL,PT_LAR,ALL_INC_P,TCEOA,CNTRY,2019,92.6632400819969,A,0,ALL_INC_P,2
OECD.ENV.EPI:DSD_PA@DF_PROT_AREA(1.0),UMI,A,TERRESTRIAL,PT_LAR,ALL_INC_P,TCEOA,CNTRY,2020,92.6632400819969,A,0,ALL_INC_P,2
OECD.ENV.EPI:DSD_PA@DF_PROT_AREA(1.0),UMI,A,TERRESTRIAL,PT_LAR,ALL_INC_P,TCEOA,CNTRY,2021,92.6632400819969,A,0,ALL_INC_P,2
OECD.ENV.EPI:DSD_PA@DF_PROT_AREA(1.0),UMI,A,TERRESTRIAL,PT_LAR,ALL_INC_P,TCEOA,CNTRY,2022,92.6632400819969,A,0,ALL_INC_P,2
OECD.ENV.EPI:DSD_PA@DF_PROT_AREA(1.0),EA19,A,TERRESTRIAL,PT_LAR,ALL_INC_P,TCEOA,CNTRY,2018,24.5473235777314,A,0,ALL_INC_P,2
OECD.ENV.EPI:DSD_PA@DF_PROT_AREA(1.0),EA19,A,TERRESTRIAL,PT_LAR,ALL_INC_P,TCEOA,CNTRY,2019,24.9865005361618,A,0,ALL_INC_P,2
OECD.ENV.EPI:DSD_PA@DF_PROT_AREA(1.0),EA19,A,TERRESTRIAL,PT_LAR,ALL_INC_P,TCEOA,CNTRY,2020,25.303858634817,A,0,ALL_INC_P,2
OECD.ENV.EPI:DSD_PA@DF_PROT_AREA(1.0),EA19,A,TERRESTRIAL,PT_LAR,ALL_INC_P,TCEOA,CNTRY,2021,25.3885649471488,A,0,ALL_INC_P,2
OECD.ENV.EPI:DSD_PA@DF_PROT_AREA(1.0),EA19,A,TERRESTRIAL,PT_LAR,ALL_INC_P,TCEOA,CNTRY,2022,25.3890580400272,A,0,ALL_INC_P,2
OECD.ENV.EPI:DSD_PA@DF_PROT_AREA(1.0),GGY,A,TERRESTRIAL,PT_LAR,ALL_INC_P,TCEOA,CNTRY,2018,2.190979395937,A,0,ALL_INC_P,2
OECD.ENV.EPI:DSD_PA@DF_PROT_AREA(1.0),GGY,A,TERRESTRIAL,PT_LAR,ALL_INC_P,TCEOA,CNTRY,2019,2.190979395937,A,0,ALL_INC_P,2
OECD.ENV.EPI:DSD_PA@DF_PROT_AREA(1.0),GGY,A,TERRESTRIAL,PT_LAR,ALL_INC_P,TCEOA,CNTRY,2020,2.190979395937,A,0,ALL_INC_P,2
OECD.ENV.EPI:DSD_PA@DF_PROT_AREA(1.0),GGY,A,TERRESTRIAL,PT_LAR,ALL_INC_P,TCEOA,CNTRY,2021,2.190979395937,A,0,ALL_INC_P,2
OECD.ENV.EPI:DSD_PA@DF_PROT_AREA(1.0),GGY,A,TERRESTRIAL,PT_LAR,ALL_INC_P,TCEOA,CNTRY,2022,2.190979395937,A,0,ALL_INC_P,2
OECD.ENV.EPI:DSD_PA@DF_PROT_AREA(1.0),KHM,A,TERRESTRIAL,PT_LAR,ALL_INC_P,TCEOA,CNTRY,2018,38.7941906399671,A,0,ALL_INC_P,2
OECD.ENV.EPI:DSD_PA@DF_PROT_AREA(1.0),KHM,A,TERRESTRIAL,PT_LAR,ALL_INC_P,TCEOA,CNTRY,2019,39.4942108423433,A,0,ALL_INC_P,2
OECD.ENV.EPI:DSD_PA@DF_PROT_AREA(1.0),KHM,A,TERRESTRIAL,PT_LAR,ALL_INC_P,TCEOA,CNTRY,2020,39.4947589106169,A,0,ALL_INC_P,2
OECD.ENV.EPI:DSD_PA@DF_PROT_AREA(1.0),KHM,A,TERRESTRIAL,PT_LAR,ALL_INC_P,TCEOA,CNTRY,2021,39.4947589106169,A,0,ALL_INC_P,2
OECD.ENV.EPI:DSD_PA@DF_PROT_AREA(1.0),KHM,A,TERRESTRIAL,PT_LAR,ALL_INC_P,TCEOA,CNTRY,2022,39.4947589106169,A,0,ALL_INC_P,2
OECD.ENV.EPI:DSD_PA@DF_PROT_AREA(1.0),MDA,A,TERRESTRIAL,PT_LAR,ALL_INC_P,TCEOA,CNTRY,2018,10.7521724453411,A,0,ALL_INC_P,2
OECD.ENV.EPI:DSD_PA@DF_PROT_AREA(1.0),MDA,A,TERRESTRIAL,PT_LAR,ALL_INC_P,TCEOA,CNTRY,2019,10.7521724453411,A,0,ALL_INC_P,2
OECD.ENV.EPI:DSD_PA@DF_PROT_AREA(1.0),MDA,A,TERRESTRIAL,PT_LAR,ALL_INC_P,TCEOA,CNTRY,2020,10.7521724453411,A,0,ALL_INC_P,2
OECD.ENV.EPI:DSD_PA@DF_PROT_AREA(1.0),MDA,A,TERRESTRIAL,PT_LAR,ALL_INC_P,TCEOA,CNTRY,2021,10.7521724453411,A,0,ALL_INC_P,2
OECD.ENV.EPI:DSD_PA@DF_PROT_AREA(1.0),MDA,A,TERRESTRIAL,PT_LAR,ALL_INC_P,TCEOA,CNTRY,2022,10.7521724453411,A,0,ALL_INC_P,2
OECD.ENV.EPI:DSD_PA@DF_PROT_AREA(1.0),LVA,A,TERRESTRIAL,PT_LAR,ALL_INC_P,TCEOA,CNTRY,2018,18.117236781692,A,0,ALL_INC_P,2
OECD.ENV.EPI:DSD_PA@DF_PROT_AREA(1.0),LVA,A,TERRESTRIAL,PT_LAR,ALL_INC_P,TCEOA,CNTRY,2019,18.1284918933363,A,0,ALL_INC_P,2
OECD.ENV.EPI:DSD_PA@DF_PROT_AREA(1.0),LVA,A,TERRESTRIAL,PT_LAR,ALL_INC_P,TCEOA,CNTRY,2020,18.1284918933363,A,0,ALL_INC_P,2
OECD.ENV.EPI:DSD_PA@DF_PROT_AREA(1.0),LVA,A,TERRESTRIAL,PT_LAR,ALL_INC_P,TCEOA,CNTRY,2021,18.1284918933363,A,0,ALL_INC_P,2
OECD.ENV.EPI:DSD_PA@DF_PROT_AREA(1.0),LVA,A,TERRESTRIAL,PT_LAR,ALL_INC_P,TCEOA,CNTRY,2022,18.1284918933363,A,0,ALL_INC_P,2
OECD.ENV.EPI:DSD_PA@DF_PROT_AREA(1.0),TUR,A,TERRESTRIAL,PT_LAR,ALL_INC_P,TCEOA,CNTRY,2018,0.202970041964627,A,0,ALL_INC_P,2
OECD.ENV.EPI:DSD_PA@DF_PROT_AREA(1.0),TUR,A,TERRESTRIAL,PT_LAR,ALL_INC_P,TCEOA,CNTRY,2019,0.202970041964627,A,0,ALL_INC_P,2
OECD.ENV.EPI:DSD_PA@DF_PROT_AREA(1.0),TUR,A,TERRESTRIAL,PT_LAR,ALL_INC_P,TCEOA,CNTRY,2020,0.202970041964627,A,0,ALL_INC_P,2
OECD.ENV.EPI:DSD_PA@DF_PROT_AREA(1.0),TUR,A,TERRESTRIAL,PT_LAR,ALL_INC_P,TCEOA,CNTRY,2021,0.202970041964627,A,0,ALL_INC_P,2
OECD.ENV.EPI:DSD_PA@DF_PROT_AREA(1.0),TUR,A,TERRESTRIAL,PT_LAR,ALL_INC_P,TCEOA,CNTRY,2022,0.202970041964627,A,0,ALL_INC_P,2
OECD.ENV.EPI:DSD_PA@DF_PROT_AREA(1.0),SHN,A,TERRESTRIAL,PT_LAR,ALL_INC_P,TCEOA,CNTRY,2018,22.5977279839307,A,0,ALL_INC_P,2
OECD.ENV.EPI:DSD_PA@DF_PROT_AREA(1.0),SHN,A,TERRESTRIAL,PT_LAR,ALL_INC_P,TCEOA,CNTRY,2019,24.012462483392,A,0,ALL_INC_P,2
OECD.ENV.EPI:DSD_PA@DF_PROT_AREA(1.0),SHN,A,TERRESTRIAL,PT_LAR,ALL_INC_P,TCEOA,CNTRY,2020,24.012462483392,A,0,ALL_INC_P,2
OECD.ENV.EPI:DSD_PA@DF_PROT_AREA(1.0),SHN,A,TERRESTRIAL,PT_LAR,ALL_INC_P,TCEOA,CNTRY,2021,24.012462483392,A,0,ALL_INC_P,2
OECD.ENV.EPI:DSD_PA@DF_PROT_AREA(1.0),SHN,A,TERRESTRIAL,PT_LAR,ALL_INC_P,TCEOA,CNTRY,2022,24.012462483392,A,0,ALL_INC_P,2
OECD.ENV.EPI:DSD_PA@DF_PROT_AREA(1.0),ATG,A,TERRESTRIAL,PT_LAR,ALL_INC_P,TCEOA,CNTRY,2018,16.9730905912707,A,0,ALL_INC_P,2
OECD.ENV.EPI:DSD_PA@DF_PROT_AREA(1.0),ATG,A,TERRESTRIAL,PT_LAR,ALL_INC_P,TCEOA,CNTRY,2019,16.9730905912707,A,0,ALL_INC_P,2
OECD.ENV.EPI:DSD_PA@DF_PROT_AREA(1.0),ATG,A,TERRESTRIAL,PT_LAR,ALL_INC_P,TCEOA,CNTRY,2020,16.9730905912707,A,0,ALL_INC_P,2
OECD.ENV.EPI:DSD_PA@DF_PROT_AREA(1.0),ATG,A,TERRESTRIAL,PT_LAR,ALL_INC_P,TCEOA,CNTRY,2021,16.9730905912707,A,0,ALL_INC_P,2
OECD.ENV.EPI:DSD_PA@DF_PROT_AREA(1.0),ATG,A,TERRESTRIAL,PT_LAR,ALL_INC_P,TCEOA,CNTRY,2022,16.9730905912707,A,0,ALL_INC_P,2
OECD.ENV.EPI:DSD_PA@DF_PROT_AREA(1.0),PRI,A,TERRESTRIAL,PT_LAR,ALL_INC_P,TCEOA,CNTRY,2018,6.73973493582097,A,0,ALL_INC_P,2
OECD.ENV.EPI:DSD_PA@DF_PROT_AREA(1.0),PRI,A,TERRESTRIAL,PT_LAR,ALL_INC_P,TCEOA,CNTRY,2019,6.73973493582097,A,0,ALL_INC_P,2
OECD.ENV.EPI:DSD_PA@DF_PROT_AREA(1.0),PRI,A,TERRESTRIAL,PT_LAR,ALL_INC_P,TCEOA,CNTRY,2020,6.73973493582097,A,0,ALL_INC_P,2
OECD.ENV.EPI:DSD_PA@DF_PROT_AREA(1.0),PRI,A,TERRESTRIAL,PT_LAR,ALL_INC_P,TCEOA,CNTRY,2021,6.73973493582097,A,0,ALL_INC_P,2
OECD.ENV.EPI:DSD_PA@DF_PROT_AREA(1.0),PRI,A,TERRESTRIAL,PT_LAR,ALL_INC_P,TCEOA,CNTRY,2022,6.73973493582097,A,0,ALL_INC_P,2
OECD.ENV.EPI:DSD_PA@DF_PROT_AREA(1.0),AES,A,TERRESTRIAL,PT_LAR,ALL_INC_P,TCEOA,CNTRY,2018,15.8993656396574,A,0,ALL_INC_P,2
OECD.ENV.EPI:DSD_PA@DF_PROT_AREA(1.0),AES,A,TERRESTRIAL,PT_LAR,ALL_INC_P,TCEOA,CNTRY,2019,16.0677731165741,A,0,ALL_INC_P,2
OECD.ENV.EPI:DSD_PA@DF_PROT_AREA(1.0),AES,A,TERRESTRIAL,PT_LAR,ALL_INC_P,TCEOA,CNTRY,2020,16.6222027893726,A,0,ALL_INC_P,2
OECD.ENV.EPI:DSD_PA@DF_PROT_AREA(1.0),AES,A,TERRESTRIAL,PT_LAR,ALL_INC_P,TCEOA,CNTRY,2021,16.6581473423078,A,0,ALL_INC_P,2
OECD.ENV.EPI:DSD_PA@DF_PROT_AREA(1.0),AES,A,TERRESTRIAL,PT_LAR,ALL_INC_P,TCEOA,CNTRY,2022,16.6584465240801,A,0,ALL_INC_P,2
OECD.ENV.EPI:DSD_PA@DF_PROT_AREA(1.0),BOL,A,TERRESTRIAL,PT_LAR,ALL_INC_P,TCEOA,CNTRY,2018,30.1377690099657,A,0,ALL_INC_P,2
OECD.ENV.EPI:DSD_PA@DF_PROT_AREA(1.0),BOL,A,TERRESTRIAL,PT_LAR,ALL_INC_P,TCEOA,CNTRY,2019,30.1377690099657,A,0,ALL_INC_P,2
OECD.ENV.EPI:DSD_PA@DF_PROT_AREA(1.0),BOL,A,TERRESTRIAL,PT_LAR,ALL_INC_P,TCEOA,CNTRY,2020,30.1377690099657,A,0,ALL_INC_P,2
OECD.ENV.EPI:DSD_PA@DF_PROT_AREA(1.0),BOL,A,TERRESTRIAL,PT_LAR,ALL_INC_P,TCEOA,CNTRY,2021,30.1377690099657,A,0,ALL_INC_P,2
OECD.ENV.EPI:DSD_PA@DF_PROT_AREA(1.0),BOL,A,TERRESTRIAL,PT_LAR,ALL_INC_P,TCEOA,CNTRY,2022,30.1377690099657,A,0,ALL_INC_P,2
OECD.ENV.EPI:DSD_PA@DF_PROT_AREA(1.0),FRO,A,TERRESTRIAL,PT_LAR,ALL_INC_P,TCEOA,CNTRY,2018,1.80546001883682,A,0,ALL_INC_P,2
OECD.ENV.EPI:DSD_PA@DF_PROT_AREA(1.0),FRO,A,TERRESTRIAL,PT_LAR,ALL_INC_P,TCEOA,CNTRY,2019,1.80546001883682,A,0,ALL_INC_P,2
OECD.ENV.EPI:DSD_PA@DF_PROT_AREA(1.0),FRO,A,TERRESTRIAL,PT_LAR,ALL_INC_P,TCEOA,CNTRY,2020,1.80546001883682,A,0,ALL_INC_P,2
OECD.ENV.EPI:DSD_PA@DF_PROT_AREA(1.0),FRO,A,TERRESTRIAL,PT_LAR,ALL_INC_P,TCEOA,CNTRY,2021,1.80546001883682,A,0,ALL_INC_P,2
OECD.ENV.EPI:DSD_PA@DF_PROT_AREA(1.0),FRO,A,TERRESTRIAL,PT_LAR,ALL_INC_P,TCEOA,CNTRY,2022,1.80546001883682,A,0,ALL_INC_P,2
OECD.ENV.EPI:DSD_PA@DF_PROT_AREA(1.0),CCK,A,TERRESTRIAL,PT_LAR,ALL_INC_P,TCEOA,CNTRY,2018,0,A,0,ALL_INC_P,2
OECD.ENV.EPI:DSD_PA@DF_PROT_AREA(1.0),CCK,A,TERRESTRIAL,PT_LAR,ALL_INC_P,TCEOA,CNTRY,2019,0,A,0,ALL_INC_P,2
OECD.ENV.EPI:DSD_PA@DF_PROT_AREA(1.0),CCK,A,TERRESTRIAL,PT_LAR,ALL_INC_P,TCEOA,CNTRY,2020,0,A,0,ALL_INC_P,2
OECD.ENV.EPI:DSD_PA@DF_PROT_AREA(1.0),CCK,A,TERRESTRIAL,PT_LAR,ALL_INC_P,TCEOA,CNTRY,2021,0,A,0,ALL_INC_P,2
OECD.ENV.EPI:DSD_PA@DF_PROT_AREA(1.0),CCK,A,TERRESTRIAL,PT_LAR,ALL_INC_P,TCEOA,CNTRY,2022,0,A,0,ALL_INC_P,2
OECD.ENV.EPI:DSD_PA@DF_PROT_AREA(1.0),HUN,A,TERRESTRIAL,PT_LAR,ALL_INC_P,TCEOA,CNTRY,2018,22.4521625703565,A,0,ALL_INC_P,2
OECD.ENV.EPI:DSD_PA@DF_PROT_AREA(1.0),HUN,A,TERRESTRIAL,PT_LAR,ALL_INC_P,TCEOA,CNTRY,2019,22.4521625703565,A,0,ALL_INC_P,2
OECD.ENV.EPI:DSD_PA@DF_PROT_AREA(1.0),HUN,A,TERRESTRIAL,PT_LAR,ALL_INC_P,TCEOA,CNTRY,2020,22.4529693411612,A,0,ALL_INC_P,2
OECD.ENV.EPI:DSD_PA@DF_PROT_AREA(1.0),HUN,A,TERRESTRIAL,PT_LAR,ALL_INC_P,TCEOA,CNTRY,2021,22.4529693411612,A,0,ALL_INC_P,2
OECD.ENV.EPI:DSD_PA@DF_PROT_AREA(1.0),HUN,A,TERRESTRIAL,PT_LAR,ALL_INC_P,TCEOA,CNTRY,2022,22.4529693411612,A,0,ALL_INC_P,2
OECD.ENV.EPI:DSD_PA@DF_PROT_AREA(1.0),OECDA,A,TERRESTRIAL,PT_LAR,ALL_INC_P,TCEOA,CNTRY,2018,12.7427438024491,A,0,ALL_INC_P,2
OECD.ENV.EPI:DSD_PA@DF_PROT_AREA(1.0),OECDA,A,TERRESTRIAL,PT_LAR,ALL_INC_P,TCEOA,CNTRY,2019,13.0156490924695,A,0,ALL_INC_P,2
OECD.ENV.EPI:DSD_PA@DF_PROT_AREA(1.0),OECDA,A,TERRESTRIAL,PT_LAR,ALL_INC_P,TCEOA,CNTRY,2020,13.3887408890071,A,0,ALL_INC_P,2
OECD.ENV.EPI:DSD_PA@DF_PROT_AREA(1.0),OECDA,A,TERRESTRIAL,PT_LAR,ALL_INC_P,TCEOA,CNTRY,2021,13.4304030011268,A,0,ALL_INC_P,2
OECD.ENV.EPI:DSD_PA@DF_PROT_AREA(1.0),OECDA,A,TERRESTRIAL,PT_LAR,ALL_INC_P,TCEOA,CNTRY,2022,13.4358033045216,A,0,ALL_INC_P,2
OECD.ENV.EPI:DSD_PA@DF_PROT_AREA(1.0),PCN,A,TERRESTRIAL,PT_LAR,ALL_INC_P,TCEOA,CNTRY,2018,99.4088569729738,A,0,ALL_INC_P,2
OECD.ENV.EPI:DSD_PA@DF_PROT_AREA(1.0),PCN,A,TERRESTRIAL,PT_LAR,ALL_INC_P,TCEOA,CNTRY,2019,99.4088569729738,A,0,ALL_INC_P,2
OECD.ENV.EPI:DSD_PA@DF_PROT_AREA(1.0),PCN,A,TERRESTRIAL,PT_LAR,ALL_INC_P,TCEOA,CNTRY,2020,99.4088569729738,A,0,ALL_INC_P,2
OECD.ENV.EPI:DSD_PA@DF_PROT_AREA(1.0),PCN,A,TERRESTRIAL,PT_LAR,ALL_INC_P,TCEOA,CNTRY,2021,99.4088569729738,A,0,ALL_INC_P,2
OECD.ENV.EPI:DSD_PA@DF_PROT_AREA(1.0),PCN,A,TERRESTRIAL,PT_LAR,ALL_INC_P,TCEOA,CNTRY,2022,99.4088569729738,A,0,ALL_INC_P,2
OECD.ENV.EPI:DSD_PA@DF_PROT_AREA(1.0),MMR,A,TERRESTRIAL,PT_LAR,ALL_INC_P,TCEOA,CNTRY,2018,6.27748391235918,A,0,ALL_INC_P,2
OECD.ENV.EPI:DSD_PA@DF_PROT_AREA(1.0),MMR,A,TERRESTRIAL,PT_LAR,ALL_INC_P,TCEOA,CNTRY,2019,6.30884280688612,A,0,ALL_INC_P,2
OECD.ENV.EPI:DSD_PA@DF_PROT_AREA(1.0),MMR,A,TERRESTRIAL,PT_LAR,ALL_INC_P,TCEOA,CNTRY,2020,6.53510412910904,A,0,ALL_INC_P,2
OECD.ENV.EPI:DSD_PA@DF_PROT_AREA(1.0),MMR,A,TERRESTRIAL,PT_LAR,ALL_INC_P,TCEOA,CNTRY,2021,6.53510412910904,A,0,ALL_INC_P,2
OECD.ENV.EPI:DSD_PA@DF_PROT_AREA(1.0),MMR,A,TERRESTRIAL,PT_LAR,ALL_INC_P,TCEOA,CNTRY,2022,6.53510412910904,A,0,ALL_INC_P,2
OECD.ENV.EPI:DSD_PA@DF_PROT_AREA(1.0),AIA,A,TERRESTRIAL,PT_LAR,ALL_INC_P,TCEOA,CNTRY,2018,13.277447174767,A,0,ALL_INC_P,2
OECD.ENV.EPI:DSD_PA@DF_PROT_AREA(1.0),AIA,A,TERRESTRIAL,PT_LAR,ALL_INC_P,TCEOA,CNTRY,2019,13.277447174767,A,0,ALL_INC_P,2
OECD.ENV.EPI:DSD_PA@DF_PROT_AREA(1.0),AIA,A,TERRESTRIAL,PT_LAR,ALL_INC_P,TCEOA,CNTRY,2020,13.277447174767,A,0,ALL_INC_P,2
OECD.ENV.EPI:DSD_PA@DF_PROT_AREA(1.0),AIA,A,TERRESTRIAL,PT_LAR,ALL_INC_P,TCEOA,CNTRY,2021,13.277447174767,A,0,ALL_INC_P,2
OECD.ENV.EPI:DSD_PA@DF_PROT_AREA(1.0),AIA,A,TERRESTRIAL,PT_LAR,ALL_INC_P,TCEOA,CNTRY,2022,13.277447174767,A,0,ALL_INC_P,2
OECD.ENV.EPI:DSD_PA@DF_PROT_AREA(1.0),GUM,A,TERRESTRIAL,PT_LAR,ALL_INC_P,TCEOA,CNTRY,2018,4.3737824082688,A,0,ALL_INC_P,2
OECD.ENV.EPI:DSD_PA@DF_PROT_AREA(1.0),GUM,A,TERRESTRIAL,PT_LAR,ALL_INC_P,TCEOA,CNTRY,2019,4.3737824082688,A,0,ALL_INC_P,2
OECD.ENV.EPI:DSD_PA@DF_PROT_AREA(1.0),GUM,A,TERRESTRIAL,PT_LAR,ALL_INC_P,TCEOA,CNTRY,2020,4.3737824082688,A,0,ALL_INC_P,2
OECD.ENV.EPI:DSD_PA@DF_PROT_AREA(1.0),GUM,A,TERRESTRIAL,PT_LAR,ALL_INC_P,TCEOA,CNTRY,2021,4.3737824082688,A,0,ALL_INC_P,2
OECD.ENV.EPI:DSD_PA@DF_PROT_AREA(1.0),GUM,A,TERRESTRIAL,PT_LAR,ALL_INC_P,TCEOA,CNTRY,2022,4.3737824082688,A,0,ALL_INC_P,2
OECD.ENV.EPI:DSD_PA@DF_PROT_AREA(1.0),CUW,A,TERRESTRIAL,PT_LAR,ALL_INC_P,TCEOA,CNTRY,2018,15.3958333333333,A,0,ALL_INC_P,2
OECD.ENV.EPI:DSD_PA@DF_PROT_AREA(1.0),CUW,A,TERRESTRIAL,PT_LAR,ALL_INC_P,TCEOA,CNTRY,2019,15.3958333333333,A,0,ALL_INC_P,2
OECD.ENV.EPI:DSD_PA@DF_PROT_AREA(1.0),CUW,A,TERRESTRIAL,PT_LAR,ALL_INC_P,TCEOA,CNTRY,2020,15.3958333333333,A,0,ALL_INC_P,2
OECD.ENV.EPI:DSD_PA@DF_PROT_AREA(1.0),CUW,A,TERRESTRIAL,PT_LAR,ALL_INC_P,TCEOA,CNTRY,2021,15.3958333333333,A,0,ALL_INC_P,2
OECD.ENV.EPI:DSD_PA@DF_PROT_AREA(1.0),CUW,A,TERRESTRIAL,PT_LAR,ALL_INC_P,TCEOA,CNTRY,2022,15.3958333333333,A,0,ALL_INC_P,2
OECD.ENV.EPI:DSD_PA@DF_PROT_AREA(1.0),NOR,A,TERRESTRIAL,PT_LAR,ALL_INC_P,TCEOA,CNTRY,2018,17.3810405649773,A,0,ALL_INC_P,2
OECD.ENV.EPI:DSD_PA@DF_PROT_AREA(1.0),NOR,A,TERRESTRIAL,PT_LAR,ALL_INC_P,TCEOA,CNTRY,2019,17.4995701232584,A,0,ALL_INC_P,2
OECD.ENV.EPI:DSD_PA@DF_PROT_AREA(1.0),NOR,A,TERRESTRIAL,PT_LAR,ALL_INC_P,TCEOA,CNTRY,2020,17.5940513338645,A,0,ALL_INC_P,2
OECD.ENV.EPI:DSD_PA@DF_PROT_AREA(1.0),NOR,A,TERRESTRIAL,PT_LAR,ALL_INC_P,TCEOA,CNTRY,2021,17.6549893799145,A,0,ALL_INC_P,2
OECD.ENV.EPI:DSD_PA@DF_PROT_AREA(1.0),NOR,A,TERRESTRIAL,PT_LAR,ALL_INC_P,TCEOA,CNTRY,2022,17.6621494057594,A,0,ALL_INC_P,2
OECD.ENV.EPI:DSD_PA@DF_PROT_AREA(1.0),ECU,A,TERRESTRIAL,PT_LAR,ALL_INC_P,TCEOA,CNTRY,2018,22.9334927805791,A,0,ALL_INC_P,2
OECD.ENV.EPI:DSD_PA@DF_PROT_AREA(1.0),ECU,A,TERRESTRIAL,PT_LAR,ALL_INC_P,TCEOA,CNTRY,2019,23.0492269568859,A,0,ALL_INC_P,2
OECD.ENV.EPI:DSD_PA@DF_PROT_AREA(1.0),ECU,A,TERRESTRIAL,PT_LAR,ALL_INC_P,TCEOA,CNTRY,2020,23.0677405479032,A,0,ALL_INC_P,2
OECD.ENV.EPI:DSD_PA@DF_PROT_AREA(1.0),ECU,A,TERRESTRIAL,PT_LAR,ALL_INC_P,TCEOA,CNTRY,2021,23.2033453323698,A,0,ALL_INC_P,2
OECD.ENV.EPI:DSD_PA@DF_PROT_AREA(1.0),ECU,A,TERRESTRIAL,PT_LAR,ALL_INC_P,TCEOA,CNTRY,2022,23.208094892369,A,0,ALL_INC_P,2
OECD.ENV.EPI:DSD_PA@DF_PROT_AREA(1.0),EA20,A,TERRESTRIAL,PT_LAR,ALL_INC_P,TCEOA,CNTRY,2018,24.7974611640561,A,0,ALL_INC_P,2
OECD.ENV.EPI:DSD_PA@DF_PROT_AREA(1.0),EA20,A,TERRESTRIAL,PT_LAR,ALL_INC_P,TCEOA,CNTRY,2019,25.2296153608878,A,0,ALL_INC_P,2
OECD.ENV.EPI:DSD_PA@DF_PROT_AREA(1.0),EA20,A,TERRESTRIAL,PT_LAR,ALL_INC_P,TCEOA,CNTRY,2020,25.5408192463397,A,0,ALL_INC_P,2
OECD.ENV.EPI:DSD_PA@DF_PROT_AREA(1.0),EA20,A,TERRESTRIAL,PT_LAR,ALL_INC_P,TCEOA,CNTRY,2021,25.6267841174223,A,0,ALL_INC_P,2
OECD.ENV.EPI:DSD_PA@DF_PROT_AREA(1.0),EA20,A,TERRESTRIAL,PT_LAR,ALL_INC_P,TCEOA,CNTRY,2022,25.6272676482359,A,0,ALL_INC_P,2
OECD.ENV.EPI:DSD_PA@DF_PROT_AREA(1.0),VIR,A,TERRESTRIAL,PT_LAR,ALL_INC_P,TCEOA,CNTRY,2018,16.945733198859,A,0,ALL_INC_P,2
OECD.ENV.EPI:DSD_PA@DF_PROT_AREA(1.0),VIR,A,TERRESTRIAL,PT_LAR,ALL_INC_P,TCEOA,CNTRY,2019,16.945733198859,A,0,ALL_INC_P,2
OECD.ENV.EPI:DSD_PA@DF_PROT_AREA(1.0),VIR,A,TERRESTRIAL,PT_LAR,ALL_INC_P,TCEOA,CNTRY,2020,16.945733198859,A,0,ALL_INC_P,2
OECD.ENV.EPI:DSD_PA@DF_PROT_AREA(1.0),VIR,A,TERRESTRIAL,PT_LAR,ALL_INC_P,TCEOA,CNTRY,2021,16.945733198859,A,0,ALL_INC_P,2
OECD.ENV.EPI:DSD_PA@DF_PROT_AREA(1.0),VIR,A,TERRESTRIAL,PT_LAR,ALL_INC_P,TCEOA,CNTRY,2022,16.945733198859,A,0,ALL_INC_P,2
OECD.ENV.EPI:DSD_PA@DF_PROT_AREA(1.0),CRI,A,TERRESTRIAL,PT_LAR,ALL_INC_P,TCEOA,CNTRY,2018,26.2249052385448,A,0,ALL_INC_P,2
OECD.ENV.EPI:DSD_PA@DF_PROT_AREA(1.0),CRI,A,TERRESTRIAL,PT_LAR,ALL_INC_P,TCEOA,CNTRY,2019,26.3068096032941,A,0,ALL_INC_P,2
OECD.ENV.EPI:DSD_PA@DF_PROT_AREA(1.0),CRI,A,TERRESTRIAL,PT_LAR,ALL_INC_P,TCEOA,CNTRY,2020,26.3068096032941,A,0,ALL_INC_P,2
OECD.ENV.EPI:DSD_PA@DF_PROT_AREA(1.0),CRI,A,TERRESTRIAL,PT_LAR,ALL_INC_P,TCEOA,CNTRY,2021,26.3068096032941,A,0,ALL_INC_P,2
OECD.ENV.EPI:DSD_PA@DF_PROT_AREA(1.0),CRI,A,TERRESTRIAL,PT_LAR,ALL_INC_P,TCEOA,CNTRY,2022,26.3068096032941,A,0,ALL_INC_P,2
OECD.ENV.EPI:DSD_PA@DF_PROT_AREA(1.0),GBR,A,TERRESTRIAL,PT_LAR,ALL_INC_P,TCEOA,CNTRY,2018,27.7213323161218,A,0,ALL_INC_P,2
OECD.ENV.EPI:DSD_PA@DF_PROT_AREA(1.0),GBR,A,TERRESTRIAL,PT_LAR,ALL_INC_P,TCEOA,CNTRY,2019,27.7305380851638,A,0,ALL_INC_P,2
OECD.ENV.EPI:DSD_PA@DF_PROT_AREA(1.0),GBR,A,TERRESTRIAL,PT_LAR,ALL_INC_P,TCEOA,CNTRY,2020,27.7394369952377,A,0,ALL_INC_P,2
OECD.ENV.EPI:DSD_PA@DF_PROT_AREA(1.0),GBR,A,TERRESTRIAL,PT_LAR,ALL_INC_P,TCEOA,CNTRY,2021,27.7394369952377,A,0,ALL_INC_P,2
OECD.ENV.EPI:DSD_PA@DF_PROT_AREA(1.0),GBR,A,TERRESTRIAL,PT_LAR,ALL_INC_P,TCEOA,CNTRY,2022,27.7394369952377,A,0,ALL_INC_P,2
OECD.ENV.EPI:DSD_PA@DF_PROT_AREA(1.0),BRA,A,TERRESTRIAL,PT_LAR,ALL_INC_P,TCEOA,CNTRY,2018,30.266374019334,A,0,ALL_INC_P,2
OECD.ENV.EPI:DSD_PA@DF_PROT_AREA(1.0),BRA,A,TERRESTRIAL,PT_LAR,ALL_INC_P,TCEOA,CNTRY,2019,30.267041833869,A,0,ALL_INC_P,2
OECD.ENV.EPI:DSD_PA@DF_PROT_AREA(1.0),BRA,A,TERRESTRIAL,PT_LAR,ALL_INC_P,TCEOA,CNTRY,2020,30.267041833869,A,0,ALL_INC_P,2
OECD.ENV.EPI:DSD_PA@DF_PROT_AREA(1.0),BRA,A,TERRESTRIAL,PT_LAR,ALL_INC_P,TCEOA,CNTRY,2021,30.267041833869,A,0,ALL_INC_P,2
OECD.ENV.EPI:DSD_PA@DF_PROT_AREA(1.0),BRA,A,TERRESTRIAL,PT_LAR,ALL_INC_P,TCEOA,CNTRY,2022,30.267041833869,A,0,ALL_INC_P,2
OECD.ENV.EPI:DSD_PA@DF_PROT_AREA(1.0),TTO,A,TERRESTRIAL,PT_LAR,ALL_INC_P,TCEOA,CNTRY,2018,30.3017914471912,A,0,ALL_INC_P,2
OECD.ENV.EPI:DSD_PA@DF_PROT_AREA(1.0),TTO,A,TERRESTRIAL,PT_LAR,ALL_INC_P,TCEOA,CNTRY,2019,30.3017914471912,A,0,ALL_INC_P,2
OECD.ENV.EPI:DSD_PA@DF_PROT_AREA(1.0),TTO,A,TERRESTRIAL,PT_LAR,ALL_INC_P,TCEOA,CNTRY,2020,30.3017914471912,A,0,ALL_INC_P,2
OECD.ENV.EPI:DSD_PA@DF_PROT_AREA(1.0),TTO,A,TERRESTRIAL,PT_LAR,ALL_INC_P,TCEOA,CNTRY,2021,30.3017914471912,A,0,ALL_INC_P,2
OECD.ENV.EPI:DSD_PA@DF_PROT_AREA(1.0),TTO,A,TERRESTRIAL,PT_LAR,ALL_INC_P,TCEOA,CNTRY,2022,30.3017914471912,A,0,ALL_INC_P,2
OECD.ENV.EPI:DSD_PA@DF_PROT_AREA(1.0),MTQ,A,TERRESTRIAL,PT_LAR,ALL_INC_P,TCEOA,CNTRY,2018,67.7225832699738,A,0,ALL_INC_P,2
OECD.ENV.EPI:DSD_PA@DF_PROT_AREA(1.0),MTQ,A,TERRESTRIAL,PT_LAR,ALL_INC_P,TCEOA,CNTRY,2019,67.7225832699738,A,0,ALL_INC_P,2
OECD.ENV.EPI:DSD_PA@DF_PROT_AREA(1.0),MTQ,A,TERRESTRIAL,PT_LAR,ALL_INC_P,TCEOA,CNTRY,2020,67.7225832699738,A,0,ALL_INC_P,2
OECD.ENV.EPI:DSD_PA@DF_PROT_AREA(1.0),MTQ,A,TERRESTRIAL,PT_LAR,ALL_INC_P,TCEOA,CNTRY,2021,67.7225832699738,A,0,ALL_INC_P,2
OECD.ENV.EPI:DSD_PA@DF_PROT_AREA(1.0),MTQ,A,TERRESTRIAL,PT_LAR,ALL_INC_P,TCEOA,CNTRY,2022,67.7225832699738,A,0,ALL_INC_P,2
OECD.ENV.EPI:DSD_PA@DF_PROT_AREA(1.0),DOM,A,TERRESTRIAL,PT_LAR,ALL_INC_P,TCEOA,CNTRY,2018,25.9601070298828,A,0,ALL_INC_P,2
OECD.ENV.EPI:DSD_PA@DF_PROT_AREA(1.0),DOM,A,TERRESTRIAL,PT_LAR,ALL_INC_P,TCEOA,CNTRY,2019,25.9601070298828,A,0,ALL_INC_P,2
OECD.ENV.EPI:DSD_PA@DF_PROT_AREA(1.0),DOM,A,TERRESTRIAL,PT_LAR,ALL_INC_P,TCEOA,CNTRY,2020,25.9601070298828,A,0,ALL_INC_P,2
OECD.ENV.EPI:DSD_PA@DF_PROT_AREA(1.0),DOM,A,TERRESTRIAL,PT_LAR,ALL_INC_P,TCEOA,CNTRY,2021,26.2431410440159,A,0,ALL_INC_P,2
OECD.ENV.EPI:DSD_PA@DF_PROT_AREA(1.0),DOM,A,TERRESTRIAL,PT_LAR,ALL_INC_P,TCEOA,CNTRY,2022,26.2488223837157,A,0,ALL_INC_P,2
OECD.ENV.EPI:DSD_PA@DF_PROT_AREA(1.0),ISL,A,TERRESTRIAL,PT_LAR,ALL_INC_P,TCEOA,CNTRY,2018,20.0136076667244,A,0,ALL_INC_P,2
OECD.ENV.EPI:DSD_PA@DF_PROT_AREA(1.0),ISL,A,TERRESTRIAL,PT_LAR,ALL_INC_P,TCEOA,CNTRY,2019,20.0145841307987,A,0,ALL_INC_P,2
OECD.ENV.EPI:DSD_PA@DF_PROT_AREA(1.0),ISL,A,TERRESTRIAL,PT_LAR,ALL_INC_P,TCEOA,CNTRY,2020,20.4088315007948,A,0,ALL_INC_P,2
OECD.ENV.EPI:DSD_PA@DF_PROT_AREA(1.0),ISL,A,TERRESTRIAL,PT_LAR,ALL_INC_P,TCEOA,CNTRY,2021,20.6224330170465,A,0,ALL_INC_P,2
OECD.ENV.EPI:DSD_PA@DF_PROT_AREA(1.0),ISL,A,TERRESTRIAL,PT_LAR,ALL_INC_P,TCEOA,CNTRY,2022,20.6224330170465,A,0,ALL_INC_P,2
OECD.ENV.EPI:DSD_PA@DF_PROT_AREA(1.0),PHL,A,TERRESTRIAL,PT_LAR,ALL_INC_P,TCEOA,CNTRY,2018,15.7545083468017,A,0,ALL_INC_P,2
OECD.ENV.EPI:DSD_PA@DF_PROT_AREA(1.0),PHL,A,TERRESTRIAL,PT_LAR,ALL_INC_P,TCEOA,CNTRY,2019,15.7545083468017,A,0,ALL_INC_P,2
OECD.ENV.EPI:DSD_PA@DF_PROT_AREA(1.0),PHL,A,TERRESTRIAL,PT_LAR,ALL_INC_P,TCEOA,CNTRY,2020,15.7545083468017,A,0,ALL_INC_P,2
OECD.ENV.EPI:DSD_PA@DF_PROT_AREA(1.0),PHL,A,TERRESTRIAL,PT_LAR,ALL_INC_P,TCEOA,CNTRY,2021,15.7545083468017,A,0,ALL_INC_P,2
OECD.ENV.EPI:DSD_PA@DF_PROT_AREA(1.0),PHL,A,TERRESTRIAL,PT_LAR,ALL_INC_P,TCEOA,CNTRY,2022,15.7545083468017,A,0,ALL_INC_P,2
OECD.ENV.EPI:DSD_PA@DF_PROT_AREA(1.0),EMES,A,TERRESTRIAL,PT_LAR,ALL_INC_P,TCEOA,CNTRY,2018,12.0582077131215,A,0,ALL_INC_P,2
OECD.ENV.EPI:DSD_PA@DF_PROT_AREA(1.0),EMES,A,TERRESTRIAL,PT_LAR,ALL_INC_P,TCEOA,CNTRY,2019,12.1426914065567,A,0,ALL_INC_P,2
OECD.ENV.EPI:DSD_PA@DF_PROT_AREA(1.0),EMES,A,TERRESTRIAL,PT_LAR,ALL_INC_P,TCEOA,CNTRY,2020,12.1500211198293,A,0,ALL_INC_P,2
OECD.ENV.EPI:DSD_PA@DF_PROT_AREA(1.0),EMES,A,TERRESTRIAL,PT_LAR,ALL_INC_P,TCEOA,CNTRY,2021,12.1663661430194,A,0,ALL_INC_P,2
OECD.ENV.EPI:DSD_PA@DF_PROT_AREA(1.0),EMES,A,TERRESTRIAL,PT_LAR,ALL_INC_P,TCEOA,CNTRY,2022,12.1696841775659,A,0,ALL_INC_P,2
OECD.ENV.EPI:DSD_PA@DF_PROT_AREA(1.0),NFK,A,TERRESTRIAL,PT_LAR,ALL_INC_P,TCEOA,CNTRY,2018,0,A,0,ALL_INC_P,2
OECD.ENV.EPI:DSD_PA@DF_PROT_AREA(1.0),NFK,A,TERRESTRIAL,PT_LAR,ALL_INC_P,TCEOA,CNTRY,2019,0,A,0,ALL_INC_P,2
OECD.ENV.EPI:DSD_PA@DF_PROT_AREA(1.0),NFK,A,TERRESTRIAL,PT_LAR,ALL_INC_P,TCEOA,CNTRY,2020,0,A,0,ALL_INC_P,2
OECD.ENV.EPI:DSD_PA@DF_PROT_AREA(1.0),NFK,A,TERRESTRIAL,PT_LAR,ALL_INC_P,TCEOA,CNTRY,2021,0,A,0,ALL_INC_P,2
OECD.ENV.EPI:DSD_PA@DF_PROT_AREA(1.0),NFK,A,TERRESTRIAL,PT_LAR,ALL_INC_P,TCEOA,CNTRY,2022,0,A,0,ALL_INC_P,2
OECD.ENV.EPI:DSD_PA@DF_PROT_AREA(1.0),URY,A,TERRESTRIAL,PT_LAR,ALL_INC_P,TCEOA,CNTRY,2018,3.58724663193345,A,0,ALL_INC_P,2
OECD.ENV.EPI:DSD_PA@DF_PROT_AREA(1.0),URY,A,TERRESTRIAL,PT_LAR,ALL_INC_P,TCEOA,CNTRY,2019,3.72873798434,A,0,ALL_INC_P,2
OECD.ENV.EPI:DSD_PA@DF_PROT_AREA(1.0),URY,A,TERRESTRIAL,PT_LAR,ALL_INC_P,TCEOA,CNTRY,2020,3.72873798434,A,0,ALL_INC_P,2
OECD.ENV.EPI:DSD_PA@DF_PROT_AREA(1.0),URY,A,TERRESTRIAL,PT_LAR,ALL_INC_P,TCEOA,CNTRY,2021,3.72873798434,A,0,ALL_INC_P,2
OECD.ENV.EPI:DSD_PA@DF_PROT_AREA(1.0),URY,A,TERRESTRIAL,PT_LAR,ALL_INC_P,TCEOA,CNTRY,2022,3.72873798434,A,0,ALL_INC_P,2
OECD.ENV.EPI:DSD_PA@DF_PROT_AREA(1.0),KNA,A,TERRESTRIAL,PT_LAR,ALL_INC_P,TCEOA,CNTRY,2018,23.8584713392912,A,0,ALL_INC_P,2
OECD.ENV.EPI:DSD_PA@DF_PROT_AREA(1.0),KNA,A,TERRESTRIAL,PT_LAR,ALL_INC_P,TCEOA,CNTRY,2019,23.8584713392912,A,0,ALL_INC_P,2
OECD.ENV.EPI:DSD_PA@DF_PROT_AREA(1.0),KNA,A,TERRESTRIAL,PT_LAR,ALL_INC_P,TCEOA,CNTRY,2020,23.8584713392912,A,0,ALL_INC_P,2
OECD.ENV.EPI:DSD_PA@DF_PROT_AREA(1.0),KNA,A,TERRESTRIAL,PT_LAR,ALL_INC_P,TCEOA,CNTRY,2021,23.8584713392912,A,0,ALL_INC_P,2
OECD.ENV.EPI:DSD_PA@DF_PROT_AREA(1.0),KNA,A,TERRESTRIAL,PT_LAR,ALL_INC_P,TCEOA,CNTRY,2022,23.8584713392912,A,0,ALL_INC_P,2
OECD.ENV.EPI:DSD_PA@DF_PROT_AREA(1.0),LUX,A,TERRESTRIAL,PT_LAR,ALL_INC_P,TCEOA,CNTRY,2018,53.6792514980394,A,0,ALL_INC_P,2
OECD.ENV.EPI:DSD_PA@DF_PROT_AREA(1.0),LUX,A,TERRESTRIAL,PT_LAR,ALL_INC_P,TCEOA,CNTRY,2019,53.7661267477216,A,0,ALL_INC_P,2
OECD.ENV.EPI:DSD_PA@DF_PROT_AREA(1.0),LUX,A,TERRESTRIAL,PT_LAR,ALL_INC_P,TCEOA,CNTRY,2020,54.5383511893405,A,0,ALL_INC_P,2
OECD.ENV.EPI:DSD_PA@DF_PROT_AREA(1.0),LUX,A,TERRESTRIAL,PT_LAR,ALL_INC_P,TCEOA,CNTRY,2021,55.2623116033583,A,0,ALL_INC_P,2
OECD.ENV.EPI:DSD_PA@DF_PROT_AREA(1.0),LUX,A,TERRESTRIAL,PT_LAR,ALL_INC_P,TCEOA,CNTRY,2022,55.2623116033583,A,0,ALL_INC_P,2
OECD.ENV.EPI:DSD_PA@DF_PROT_AREA(1.0),BES,A,TERRESTRIAL,PT_LAR,ALL_INC_P,TCEOA,CNTRY,2018,12.1407694418349,A,0,ALL_INC_P,2
OECD.ENV.EPI:DSD_PA@DF_PROT_AREA(1.0),BES,A,TERRESTRIAL,PT_LAR,ALL_INC_P,TCEOA,CNTRY,2019,12.1407694418349,A,0,ALL_INC_P,2
OECD.ENV.EPI:DSD_PA@DF_PROT_AREA(1.0),BES,A,TERRESTRIAL,PT_LAR,ALL_INC_P,TCEOA,CNTRY,2020,12.1407694418349,A,0,ALL_INC_P,2
OECD.ENV.EPI:DSD_PA@DF_PROT_AREA(1.0),BES,A,TERRESTRIAL,PT_LAR,ALL_INC_P,TCEOA,CNTRY,2021,12.1407694418349,A,0,ALL_INC_P,2
OECD.ENV.EPI:DSD_PA@DF_PROT_AREA(1.0),BES,A,TERRESTRIAL,PT_LAR,ALL_INC_P,TCEOA,CNTRY,2022,12.1407694418349,A,0,ALL_INC_P,2
OECD.ENV.EPI:DSD_PA@DF_PROT_AREA(1.0),BRB,A,TERRESTRIAL,PT_LAR,ALL_INC_P,TCEOA,CNTRY,2018,1.46103866244373,A,0,ALL_INC_P,2
OECD.ENV.EPI:DSD_PA@DF_PROT_AREA(1.0),BRB,A,TERRESTRIAL,PT_LAR,ALL_INC_P,TCEOA,CNTRY,2019,1.46103866244373,A,0,ALL_INC_P,2
OECD.ENV.EPI:DSD_PA@DF_PROT_AREA(1.0),BRB,A,TERRESTRIAL,PT_LAR,ALL_INC_P,TCEOA,CNTRY,2020,1.46103866244373,A,0,ALL_INC_P,2
OECD.ENV.EPI:DSD_PA@DF_PROT_AREA(1.0),BRB,A,TERRESTRIAL,PT_LAR,ALL_INC_P,TCEOA,CNTRY,2021,1.46103866244373,A,0,ALL_INC_P,2
OECD.ENV.EPI:DSD_PA@DF_PROT_AREA(1.0),BRB,A,TERRESTRIAL,PT_LAR,ALL_INC_P,TCEOA,CNTRY,2022,1.46103866244373,A,0,ALL_INC_P,2
OECD.ENV.EPI:DSD_PA@DF_PROT_AREA(1.0),BEL,A,TERRESTRIAL,PT_LAR,ALL_INC_P,TCEOA,CNTRY,2018,14.7655630021774,A,0,ALL_INC_P,2
OECD.ENV.EPI:DSD_PA@DF_PROT_AREA(1.0),BEL,A,TERRESTRIAL,PT_LAR,ALL_INC_P,TCEOA,CNTRY,2019,15.3595799045638,A,0,ALL_INC_P,2
OECD.ENV.EPI:DSD_PA@DF_PROT_AREA(1.0),BEL,A,TERRESTRIAL,PT_LAR,ALL_INC_P,TCEOA,CNTRY,2020,15.3930341531872,A,0,ALL_INC_P,2
OECD.ENV.EPI:DSD_PA@DF_PROT_AREA(1.0),BEL,A,TERRESTRIAL,PT_LAR,ALL_INC_P,TCEOA,CNTRY,2021,15.4738139242535,A,0,ALL_INC_P,2
OECD.ENV.EPI:DSD_PA@DF_PROT_AREA(1.0),BEL,A,TERRESTRIAL,PT_LAR,ALL_INC_P,TCEOA,CNTRY,2022,15.476261796104,A,0,ALL_INC_P,2
OECD.ENV.EPI:DSD_PA@DF_PROT_AREA(1.0),GLP,A,TERRESTRIAL,PT_LAR,ALL_INC_P,TCEOA,CNTRY,2018,67.0039953007499,A,0,ALL_INC_P,2
OECD.ENV.EPI:DSD_PA@DF_PROT_AREA(1.0),GLP,A,TERRESTRIAL,PT_LAR,ALL_INC_P,TCEOA,CNTRY,2019,67.0039953007499,A,0,ALL_INC_P,2
OECD.ENV.EPI:DSD_PA@DF_PROT_AREA(1.0),GLP,A,TERRESTRIAL,PT_LAR,ALL_INC_P,TCEOA,CNTRY,2020,67.0039953007499,A,0,ALL_INC_P,2
OECD.ENV.EPI:DSD_PA@DF_PROT_AREA(1.0),GLP,A,TERRESTRIAL,PT_LAR,ALL_INC_P,TCEOA,CNTRY,2021,67.0039953007499,A,0,ALL_INC_P,2
OECD.ENV.EPI:DSD_PA@DF_PROT_AREA(1.0),GLP,A,TERRESTRIAL,PT_LAR,ALL_INC_P,TCEOA,CNTRY,2022,67.0039953007499,A,0,ALL_INC_P,2
OECD.ENV.EPI:DSD_PA@DF_PROT_AREA(1.0),OECDE,A,TERRESTRIAL,PT_LAR,ALL_INC_P,TCEOA,CNTRY,2018,20.3778777870538,A,0,ALL_INC_P,2
OECD.ENV.EPI:DSD_PA@DF_PROT_AREA(1.0),OECDE,A,TERRESTRIAL,PT_LAR,ALL_INC_P,TCEOA,CNTRY,2019,20.6313173775285,A,0,ALL_INC_P,2
OECD.ENV.EPI:DSD_PA@DF_PROT_AREA(1.0),OECDE,A,TERRESTRIAL,PT_LAR,ALL_INC_P,TCEOA,CNTRY,2020,20.8206614669442,A,0,ALL_INC_P,2
OECD.ENV.EPI:DSD_PA@DF_PROT_AREA(1.0),OECDE,A,TERRESTRIAL,PT_LAR,ALL_INC_P,TCEOA,CNTRY,2021,20.8857818536955,A,0,ALL_INC_P,2
OECD.ENV.EPI:DSD_PA@DF_PROT_AREA(1.0),OECDE,A,TERRESTRIAL,PT_LAR,ALL_INC_P,TCEOA,CNTRY,2022,20.8876001992786,A,0,ALL_INC_P,2
OECD.ENV.EPI:DSD_PA@DF_PROT_AREA(1.0),COL,A,TERRESTRIAL,PT_LAR,ALL_INC_P,TCEOA,CNTRY,2018,16.166603269775,A,0,ALL_INC_P,2
OECD.ENV.EPI:DSD_PA@DF_PROT_AREA(1.0),COL,A,TERRESTRIAL,PT_LAR,ALL_INC_P,TCEOA,CNTRY,2019,16.3363137448612,A,0,ALL_INC_P,2
OECD.ENV.EPI:DSD_PA@DF_PROT_AREA(1.0),COL,A,TERRESTRIAL,PT_LAR,ALL_INC_P,TCEOA,CNTRY,2020,16.3528133743834,A,0,ALL_INC_P,2
OECD.ENV.EPI:DSD_PA@DF_PROT_AREA(1.0),COL,A,TERRESTRIAL,PT_LAR,ALL_INC_P,TCEOA,CNTRY,2021,16.3528133743834,A,0,ALL_INC_P,2
OECD.ENV.EPI:DSD_PA@DF_PROT_AREA(1.0),COL,A,TERRESTRIAL,PT_LAR,ALL_INC_P,TCEOA,CNTRY,2022,16.3528133743834,A,0,ALL_INC_P,2
OECD.ENV.EPI:DSD_PA@DF_PROT_AREA(1.0),MAF,A,TERRESTRIAL,PT_LAR,ALL_INC_P,TCEOA,CNTRY,2018,1.76875717416258,A,0,ALL_INC_P,2
OECD.ENV.EPI:DSD_PA@DF_PROT_AREA(1.0),MAF,A,TERRESTRIAL,PT_LAR,ALL_INC_P,TCEOA,CNTRY,2019,1.76875717416258,A,0,ALL_INC_P,2
OECD.ENV.EPI:DSD_PA@DF_PROT_AREA(1.0),MAF,A,TERRESTRIAL,PT_LAR,ALL_INC_P,TCEOA,CNTRY,2020,1.76875717416258,A,0,ALL_INC_P,2
OECD.ENV.EPI:DSD_PA@DF_PROT_AREA(1.0),MAF,A,TERRESTRIAL,PT_LAR,ALL_INC_P,TCEOA,CNTRY,2021,1.76875717416258,A,0,ALL_INC_P,2
OECD.ENV.EPI:DSD_PA@DF_PROT_AREA(1.0),MAF,A,TERRESTRIAL,PT_LAR,ALL_INC_P,TCEOA,CNTRY,2022,1.76875717416258,A,0,ALL_INC_P,2
OECD.ENV.EPI:DSD_PA@DF_PROT_AREA(1.0),ASM,A,TERRESTRIAL,PT_LAR,ALL_INC_P,TCEOA,CNTRY,2018,19.0137913018673,A,0,ALL_INC_P,2
OECD.ENV.EPI:DSD_PA@DF_PROT_AREA(1.0),ASM,A,TERRESTRIAL,PT_LAR,ALL_INC_P,TCEOA,CNTRY,2019,19.0137913018673,A,0,ALL_INC_P,2
OECD.ENV.EPI:DSD_PA@DF_PROT_AREA(1.0),ASM,A,TERRESTRIAL,PT_LAR,ALL_INC_P,TCEOA,CNTRY,2020,19.0137913018673,A,0,ALL_INC_P,2
OECD.ENV.EPI:DSD_PA@DF_PROT_AREA(1.0),ASM,A,TERRESTRIAL,PT_LAR,ALL_INC_P,TCEOA,CNTRY,2021,19.0137913018673,A,0,ALL_INC_P,2
OECD.ENV.EPI:DSD_PA@DF_PROT_AREA(1.0),ASM,A,TERRESTRIAL,PT_LAR,ALL_INC_P,TCEOA,CNTRY,2022,19.0137913018673,A,0,ALL_INC_P,2
OECD.ENV.EPI:DSD_PA@DF_PROT_AREA(1.0),SUR,A,TERRESTRIAL,PT_LAR,ALL_INC_P,TCEOA,CNTRY,2018,14.3445988849782,A,0,ALL_INC_P,2
OECD.ENV.EPI:DSD_PA@DF_PROT_AREA(1.0),SUR,A,TERRESTRIAL,PT_LAR,ALL_INC_P,TCEOA,CNTRY,2019,14.3445988849782,A,0,ALL_INC_P,2
OECD.ENV.EPI:DSD_PA@DF_PROT_AREA(1.0),SUR,A,TERRESTRIAL,PT_LAR,ALL_INC_P,TCEOA,CNTRY,2020,14.3445988849782,A,0,ALL_INC_P,2
OECD.ENV.EPI:DSD_PA@DF_PROT_AREA(1.0),SUR,A,TERRESTRIAL,PT_LAR,ALL_INC_P,TCEOA,CNTRY,2021,14.3445988849782,A,0,ALL_INC_P,2
OECD.ENV.EPI:DSD_PA@DF_PROT_AREA(1.0),SUR,A,TERRESTRIAL,PT_LAR,ALL_INC_P,TCEOA,CNTRY,2022,14.3445988849782,A,0,ALL_INC_P,2
OECD.ENV.EPI:DSD_PA@DF_PROT_AREA(1.0),OECD,A,TERRESTRIAL,PT_LAR,ALL_INC_P,TCEOA,CNTRY,2018,15.5314898710918,A,0,ALL_INC_P,2
OECD.ENV.EPI:DSD_PA@DF_PROT_AREA(1.0),OECD,A,TERRESTRIAL,PT_LAR,ALL_INC_P,TCEOA,CNTRY,2019,15.7594631623324,A,0,ALL_INC_P,2
OECD.ENV.EPI:DSD_PA@DF_PROT_AREA(1.0),OECD,A,TERRESTRIAL,PT_LAR,ALL_INC_P,TCEOA,CNTRY,2020,16.244199148209,A,0,ALL_INC_P,2
OECD.ENV.EPI:DSD_PA@DF_PROT_AREA(1.0),OECD,A,TERRESTRIAL,PT_LAR,ALL_INC_P,TCEOA,CNTRY,2021,16.279920790425,A,0,ALL_INC_P,2
OECD.ENV.EPI:DSD_PA@DF_PROT_AREA(1.0),OECD,A,TERRESTRIAL,PT_LAR,ALL_INC_P,TCEOA,CNTRY,2022,16.2835645552354,A,0,ALL_INC_P,2
OECD.ENV.EPI:DSD_PA@DF_PROT_AREA(1.0),COK,A,TERRESTRIAL,PT_LAR,ALL_INC_P,TCEOA,CNTRY,2018,23.5573555451438,A,0,ALL_INC_P,2
OECD.ENV.EPI:DSD_PA@DF_PROT_AREA(1.0),COK,A,TERRESTRIAL,PT_LAR,ALL_INC_P,TCEOA,CNTRY,2019,23.5573555451438,A,0,ALL_INC_P,2
OECD.ENV.EPI:DSD_PA@DF_PROT_AREA(1.0),COK,A,TERRESTRIAL,PT_LAR,ALL_INC_P,TCEOA,CNTRY,2020,23.5573555451438,A,0,ALL_INC_P,2
OECD.ENV.EPI:DSD_PA@DF_PROT_AREA(1.0),COK,A,TERRESTRIAL,PT_LAR,ALL_INC_P,TCEOA,CNTRY,2021,23.5573555451438,A,0,ALL_INC_P,2
OECD.ENV.EPI:DSD_PA@DF_PROT_AREA(1.0),COK,A,TERRESTRIAL,PT_LAR,ALL_INC_P,TCEOA,CNTRY,2022,23.5573555451438,A,0,ALL_INC_P,2
OECD.ENV.EPI:DSD_PA@DF_PROT_AREA(1.0),MYT,A,TERRESTRIAL,PT_LAR,ALL_INC_P,TCEOA,CNTRY,2018,11.9457167061264,A,0,ALL_INC_P,2
OECD.ENV.EPI:DSD_PA@DF_PROT_AREA(1.0),MYT,A,TERRESTRIAL,PT_LAR,ALL_INC_P,TCEOA,CNTRY,2019,11.9457167061264,A,0,ALL_INC_P,2
OECD.ENV.EPI:DSD_PA@DF_PROT_AREA(1.0),MYT,A,TERRESTRIAL,PT_LAR,ALL_INC_P,TCEOA,CNTRY,2020,11.9457167061264,A,0,ALL_INC_P,2
OECD.ENV.EPI:DSD_PA@DF_PROT_AREA(1.0),MYT,A,TERRESTRIAL,PT_LAR,ALL_INC_P,TCEOA,CNTRY,2021,19.5542007223637,A,0,ALL_INC_P,2
OECD.ENV.EPI:DSD_PA@DF_PROT_AREA(1.0),MYT,A,TERRESTRIAL,PT_LAR,ALL_INC_P,TCEOA,CNTRY,2022,19.5542007223637,A,0,ALL_INC_P,2
OECD.ENV.EPI:DSD_PA@DF_PROT_AREA(1.0),SLV,A,TERRESTRIAL,PT_LAR,ALL_INC_P,TCEOA,CNTRY,2018,9.12800585926644,A,0,ALL_INC_P,2
OECD.ENV.EPI:DSD_PA@DF_PROT_AREA(1.0),SLV,A,TERRESTRIAL,PT_LAR,ALL_INC_P,TCEOA,CNTRY,2019,9.13397734026819,A,0,ALL_INC_P,2
OECD.ENV.EPI:DSD_PA@DF_PROT_AREA(1.0),SLV,A,TERRESTRIAL,PT_LAR,ALL_INC_P,TCEOA,CNTRY,2020,9.13397734026819,A,0,ALL_INC_P,2
OECD.ENV.EPI:DSD_PA@DF_PROT_AREA(1.0),SLV,A,TERRESTRIAL,PT_LAR,ALL_INC_P,TCEOA,CNTRY,2021,9.13397734026819,A,0,ALL_INC_P,2
OECD.ENV.EPI:DSD_PA@DF_PROT_AREA(1.0),SLV,A,TERRESTRIAL,PT_LAR,ALL_INC_P,TCEOA,CNTRY,2022,9.13397734026819,A,0,ALL_INC_P,2
OECD.ENV.EPI:DSD_PA@DF_PROT_AREA(1.0),USA,A,TERRESTRIAL,PT_LAR,ALL_INC_P,TCEOA,CNTRY,2018,12.920711145546,A,0,ALL_INC_P,2
OECD.ENV.EPI:DSD_PA@DF_PROT_AREA(1.0),USA,A,TERRESTRIAL,PT_LAR,ALL_INC_P,TCEOA,CNTRY,2019,12.965319179495,A,0,ALL_INC_P,2
OECD.ENV.EPI:DSD_PA@DF_PROT_AREA(1.0),USA,A,TERRESTRIAL,PT_LAR,ALL_INC_P,TCEOA,CNTRY,2020,12.965319179495,A,0,ALL_INC_P,2
OECD.ENV.EPI:DSD_PA@DF_PROT_AREA(1.0),USA,A,TERRESTRIAL,PT_LAR,ALL_INC_P,TCEOA,CNTRY,2021,12.965319179495,A,0,ALL_INC_P,2
OECD.ENV.EPI:DSD_PA@DF_PROT_AREA(1.0),USA,A,TERRESTRIAL,PT_LAR,ALL_INC_P,TCEOA,CNTRY,2022,12.965319179495,A,0,ALL_INC_P,2
OECD.ENV.EPI:DSD_PA@DF_PROT_AREA(1.0),IRL,A,TERRESTRIAL,PT_LAR,ALL_INC_P,TCEOA,CNTRY,2018,13.6582805548303,A,0,ALL_INC_P,2
OECD.ENV.EPI:DSD_PA@DF_PROT_AREA(1.0),IRL,A,TERRESTRIAL,PT_LAR,ALL_INC_P,TCEOA,CNTRY,2019,14.1043324399066,A,0,ALL_INC_P,2
OECD.ENV.EPI:DSD_PA@DF_PROT_AREA(1.0),IRL,A,TERRESTRIAL,PT_LAR,ALL_INC_P,TCEOA,CNTRY,2020,14.2818940249771,A,0,ALL_INC_P,2
OECD.ENV.EPI:DSD_PA@DF_PROT_AREA(1.0),IRL,A,TERRESTRIAL,PT_LAR,ALL_INC_P,TCEOA,CNTRY,2021,14.2818940249771,A,0,ALL_INC_P,2
OECD.ENV.EPI:DSD_PA@DF_PROT_AREA(1.0),IRL,A,TERRESTRIAL,PT_LAR,ALL_INC_P,TCEOA,CNTRY,2022,14.2818940249771,A,0,ALL_INC_P,2
OECD.ENV.EPI:DSD_PA@DF_PROT_AREA(1.0),HRV,A,TERRESTRIAL,PT_LAR,ALL_INC_P,TCEOA,CNTRY,2018,37.4463223897226,A,0,ALL_INC_P,2
OECD.ENV.EPI:DSD_PA@DF_PROT_AREA(1.0),HRV,A,TERRESTRIAL,PT_LAR,ALL_INC_P,TCEOA,CNTRY,2019,37.523352280013,A,0,ALL_INC_P,2
OECD.ENV.EPI:DSD_PA@DF_PROT_AREA(1.0),HRV,A,TERRESTRIAL,PT_LAR,ALL_INC_P,TCEOA,CNTRY,2020,37.523352280013,A,0,ALL_INC_P,2
OECD.ENV.EPI:DSD_PA@DF_PROT_AREA(1.0),HRV,A,TERRESTRIAL,PT_LAR,ALL_INC_P,TCEOA,CNTRY,2021,37.6729594657794,A,0,ALL_INC_P,2
OECD.ENV.EPI:DSD_PA@DF_PROT_AREA(1.0),HRV,A,TERRESTRIAL,PT_LAR,ALL_INC_P,TCEOA,CNTRY,2022,37.6729594657794,A,0,ALL_INC_P,2
OECD.ENV.EPI:DSD_PA@DF_PROT_AREA(1.0),IND,A,TERRESTRIAL,PT_LAR,ALL_INC_P,TCEOA,CNTRY,2018,0.637392958146244,A,0,ALL_INC_P,2
OECD.ENV.EPI:DSD_PA@DF_PROT_AREA(1.0),IND,A,TERRESTRIAL,PT_LAR,ALL_INC_P,TCEOA,CNTRY,2019,0.637392958146244,A,0,ALL_INC_P,2
OECD.ENV.EPI:DSD_PA@DF_PROT_AREA(1.0),IND,A,TERRESTRIAL,PT_LAR,ALL_INC_P,TCEOA,CNTRY,2020,0.637392958146244,A,0,ALL_INC_P,2
OECD.ENV.EPI:DSD_PA@DF_PROT_AREA(1.0),IND,A,TERRESTRIAL,PT_LAR,ALL_INC_P,TCEOA,CNTRY,2021,0.637392958146244,A,0,ALL_INC_P,2
OECD.ENV.EPI:DSD_PA@DF_PROT_AREA(1.0),IND,A,TERRESTRIAL,PT_LAR,ALL_INC_P,TCEOA,CNTRY,2022,0.637392958146244,A,0,ALL_INC_P,2
OECD.ENV.EPI:DSD_PA@DF_PROT_AREA(1.0),DNK,A,TERRESTRIAL,PT_LAR,ALL_INC_P,TCEOA,CNTRY,2018,15.5316371882629,A,0,ALL_INC_P,2
OECD.ENV.EPI:DSD_PA@DF_PROT_AREA(1.0),DNK,A,TERRESTRIAL,PT_LAR,ALL_INC_P,TCEOA,CNTRY,2019,15.5316371882629,A,0,ALL_INC_P,2
OECD.ENV.EPI:DSD_PA@DF_PROT_AREA(1.0),DNK,A,TERRESTRIAL,PT_LAR,ALL_INC_P,TCEOA,CNTRY,2020,15.5316371882629,A,0,ALL_INC_P,2
OECD.ENV.EPI:DSD_PA@DF_PROT_AREA(1.0),DNK,A,TERRESTRIAL,PT_LAR,ALL_INC_P,TCEOA,CNTRY,2021,15.5316371882629,A,0,ALL_INC_P,2
OECD.ENV.EPI:DSD_PA@DF_PROT_AREA(1.0),DNK,A,TERRESTRIAL,PT_LAR,ALL_INC_P,TCEOA,CNTRY,2022,15.5316371882629,A,0,ALL_INC_P,2
OECD.ENV.EPI:DSD_PA@DF_PROT_AREA(1.0),TKM,A,TERRESTRIAL,PT_LAR,ALL_INC_P,TCEOA,CNTRY,2018,3.25797821041429,A,0,ALL_INC_P,2
OECD.ENV.EPI:DSD_PA@DF_PROT_AREA(1.0),TKM,A,TERRESTRIAL,PT_LAR,ALL_INC_P,TCEOA,CNTRY,2019,3.25797821041429,A,0,ALL_INC_P,2
OECD.ENV.EPI:DSD_PA@DF_PROT_AREA(1.0),TKM,A,TERRESTRIAL,PT_LAR,ALL_INC_P,TCEOA,CNTRY,2020,3.25797821041429,A,0,ALL_INC_P,2
OECD.ENV.EPI:DSD_PA@DF_PROT_AREA(1.0),TKM,A,TERRESTRIAL,PT_LAR,ALL_INC_P,TCEOA,CNTRY,2021,3.25797821041429,A,0,ALL_INC_P,2
OECD.ENV.EPI:DSD_PA@DF_PROT_AREA(1.0),TKM,A,TERRESTRIAL,PT_LAR,ALL_INC_P,TCEOA,CNTRY,2022,3.25797821041429,A,0,ALL_INC_P,2
OECD.ENV.EPI:DSD_PA@DF_PROT_AREA(1.0),FLK,A,TERRESTRIAL,PT_LAR,ALL_INC_P,TCEOA,CNTRY,2018,0.478518031709521,A,0,ALL_INC_P,2
OECD.ENV.EPI:DSD_PA@DF_PROT_AREA(1.0),FLK,A,TERRESTRIAL,PT_LAR,ALL_INC_P,TCEOA,CNTRY,2019,0.478518031709521,A,0,ALL_INC_P,2
OECD.ENV.EPI:DSD_PA@DF_PROT_AREA(1.0),FLK,A,TERRESTRIAL,PT_LAR,ALL_INC_P,TCEOA,CNTRY,2020,0.478518031709521,A,0,ALL_INC_P,2
OECD.ENV.EPI:DSD_PA@DF_PROT_AREA(1.0),FLK,A,TERRESTRIAL,PT_LAR,ALL_INC_P,TCEOA,CNTRY,2021,0.478518031709521,A,0,ALL_INC_P,2
OECD.ENV.EPI:DSD_PA@DF_PROT_AREA(1.0),FLK,A,TERRESTRIAL,PT_LAR,ALL_INC_P,TCEOA,CNTRY,2022,0.478518031709521,A,0,ALL_INC_P,2
OECD.ENV.EPI:DSD_PA@DF_PROT_AREA(1.0),GUF,A,TERRESTRIAL,PT_LAR,ALL_INC_P,TCEOA,CNTRY,2018,52.2935371032101,A,0,ALL_INC_P,2
OECD.ENV.EPI:DSD_PA@DF_PROT_AREA(1.0),GUF,A,TERRESTRIAL,PT_LAR,ALL_INC_P,TCEOA,CNTRY,2019,52.2935371032101,A,0,ALL_INC_P,2
OECD.ENV.EPI:DSD_PA@DF_PROT_AREA(1.0),GUF,A,TERRESTRIAL,PT_LAR,ALL_INC_P,TCEOA,CNTRY,2020,52.2935371032101,A,0,ALL_INC_P,2
OECD.ENV.EPI:DSD_PA@DF_PROT_AREA(1.0),GUF,A,TERRESTRIAL,PT_LAR,ALL_INC_P,TCEOA,CNTRY,2021,52.2935371032101,A,0,ALL_INC_P,2
OECD.ENV.EPI:DSD_PA@DF_PROT_AREA(1.0),GUF,A,TERRESTRIAL,PT_LAR,ALL_INC_P,TCEOA,CNTRY,2022,52.2935371032101,A,0,ALL_INC_P,2
OECD.ENV.EPI:DSD_PA@DF_PROT_AREA(1.0),BVT,A,TERRESTRIAL,PT_LAR,ALL_INC_P,TCEOA,CNTRY,2018,100.108428793753,A,0,ALL_INC_P,2
OECD.ENV.EPI:DSD_PA@DF_PROT_AREA(1.0),BVT,A,TERRESTRIAL,PT_LAR,ALL_INC_P,TCEOA,CNTRY,2019,100.108428793753,A,0,ALL_INC_P,2
OECD.ENV.EPI:DSD_PA@DF_PROT_AREA(1.0),BVT,A,TERRESTRIAL,PT_LAR,ALL_INC_P,TCEOA,CNTRY,2020,100.108428793753,A,0,ALL_INC_P,2
OECD.ENV.EPI:DSD_PA@DF_PROT_AREA(1.0),BVT,A,TERRESTRIAL,PT_LAR,ALL_INC_P,TCEOA,CNTRY,2021,100.108428793753,A,0,ALL_INC_P,2
OECD.ENV.EPI:DSD_PA@DF_PROT_AREA(1.0),BVT,A,TERRESTRIAL,PT_LAR,ALL_INC_P,TCEOA,CNTRY,2022,100.108428793753,A,0,ALL_INC_P,2
OECD.ENV.EPI:DSD_PA@DF_PROT_AREA(1.0),PRT,A,TERRESTRIAL,PT_LAR,ALL_INC_P,TCEOA,CNTRY,2018,22.7108037548997,A,0,ALL_INC_P,2
OECD.ENV.EPI:DSD_PA@DF_PROT_AREA(1.0),PRT,A,TERRESTRIAL,PT_LAR,ALL_INC_P,TCEOA,CNTRY,2019,22.7108037548997,A,0,ALL_INC_P,2
OECD.ENV.EPI:DSD_PA@DF_PROT_AREA(1.0),PRT,A,TERRESTRIAL,PT_LAR,ALL_INC_P,TCEOA,CNTRY,2020,22.7108037548997,A,0,ALL_INC_P,2
OECD.ENV.EPI:DSD_PA@DF_PROT_AREA(1.0),PRT,A,TERRESTRIAL,PT_LAR,ALL_INC_P,TCEOA,CNTRY,2021,22.7110752950525,A,0,ALL_INC_P,2
OECD.ENV.EPI:DSD_PA@DF_PROT_AREA(1.0),PRT,A,TERRESTRIAL,PT_LAR,ALL_INC_P,TCEOA,CNTRY,2022,22.7110752950525,A,0,ALL_INC_P,2
OECD.ENV.EPI:DSD_PA@DF_PROT_AREA(1.0),CHE,A,TERRESTRIAL,PT_LAR,ALL_INC_P,TCEOA,CNTRY,2018,11.9603017308481,A,0,ALL_INC_P,2
OECD.ENV.EPI:DSD_PA@DF_PROT_AREA(1.0),CHE,A,TERRESTRIAL,PT_LAR,ALL_INC_P,TCEOA,CNTRY,2019,12.0432290721673,A,0,ALL_INC_P,2
OECD.ENV.EPI:DSD_PA@DF_PROT_AREA(1.0),CHE,A,TERRESTRIAL,PT_LAR,ALL_INC_P,TCEOA,CNTRY,2020,12.0517033990174,A,0,ALL_INC_P,2
OECD.ENV.EPI:DSD_PA@DF_PROT_AREA(1.0),CHE,A,TERRESTRIAL,PT_LAR,ALL_INC_P,TCEOA,CNTRY,2021,12.0759157614464,A,0,ALL_INC_P,2
OECD.ENV.EPI:DSD_PA@DF_PROT_AREA(1.0),CHE,A,TERRESTRIAL,PT_LAR,ALL_INC_P,TCEOA,CNTRY,2022,12.0759157614464,A,0,ALL_INC_P,2
OECD.ENV.EPI:DSD_PA@DF_PROT_AREA(1.0),BLM,A,TERRESTRIAL,PT_LAR,ALL_INC_P,TCEOA,CNTRY,2018,0.595238095238095,A,0,ALL_INC_P,2
OECD.ENV.EPI:DSD_PA@DF_PROT_AREA(1.0),BLM,A,TERRESTRIAL,PT_LAR,ALL_INC_P,TCEOA,CNTRY,2019,0.595238095238095,A,0,ALL_INC_P,2
OECD.ENV.EPI:DSD_PA@DF_PROT_AREA(1.0),BLM,A,TERRESTRIAL,PT_LAR,ALL_INC_P,TCEOA,CNTRY,2020,0.595238095238095,A,0,ALL_INC_P,2
OECD.ENV.EPI:DSD_PA@DF_PROT_AREA(1.0),BLM,A,TERRESTRIAL,PT_LAR,ALL_INC_P,TCEOA,CNTRY,2021,0.595238095238095,A,0,ALL_INC_P,2
OECD.ENV.EPI:DSD_PA@DF_PROT_AREA(1.0),BLM,A,TERRESTRIAL,PT_LAR,ALL_INC_P,TCEOA,CNTRY,2022,0.595238095238095,A,0,ALL_INC_P,2
OECD.ENV.EPI:DSD_PA@DF_PROT_AREA(1.0),WLF,A,TERRESTRIAL,PT_LAR,ALL_INC_P,TCEOA,CNTRY,2018,0.198805394052067,A,0,ALL_INC_P,2
OECD.ENV.EPI:DSD_PA@DF_PROT_AREA(1.0),WLF,A,TERRESTRIAL,PT_LAR,ALL_INC_P,TCEOA,CNTRY,2019,0.198805394052067,A,0,ALL_INC_P,2
OECD.ENV.EPI:DSD_PA@DF_PROT_AREA(1.0),WLF,A,TERRESTRIAL,PT_LAR,ALL_INC_P,TCEOA,CNTRY,2020,0.198805394052067,A,0,ALL_INC_P,2
OECD.ENV.EPI:DSD_PA@DF_PROT_AREA(1.0),WLF,A,TERRESTRIAL,PT_LAR,ALL_INC_P,TCEOA,CNTRY,2021,0.198805394052067,A,0,ALL_INC_P,2
OECD.ENV.EPI:DSD_PA@DF_PROT_AREA(1.0),WLF,A,TERRESTRIAL,PT_LAR,ALL_INC_P,TCEOA,CNTRY,2022,0.198805394052067,A,0,ALL_INC_P,2
OECD.ENV.EPI:DSD_PA@DF_PROT_AREA(1.0),VGB,A,TERRESTRIAL,PT_LAR,ALL_INC_P,TCEOA,CNTRY,2018,1.54889618282836,A,0,ALL_INC_P,2
OECD.ENV.EPI:DSD_PA@DF_PROT_AREA(1.0),VGB,A,TERRESTRIAL,PT_LAR,ALL_INC_P,TCEOA,CNTRY,2019,1.54889618282836,A,0,ALL_INC_P,2
OECD.ENV.EPI:DSD_PA@DF_PROT_AREA(1.0),VGB,A,TERRESTRIAL,PT_LAR,ALL_INC_P,TCEOA,CNTRY,2020,1.54889618282836,A,0,ALL_INC_P,2
OECD.ENV.EPI:DSD_PA@DF_PROT_AREA(1.0),VGB,A,TERRESTRIAL,PT_LAR,ALL_INC_P,TCEOA,CNTRY,2021,1.54889618282836,A,0,ALL_INC_P,2
OECD.ENV.EPI:DSD_PA@DF_PROT_AREA(1.0),VGB,A,TERRESTRIAL,PT_LAR,ALL_INC_P,TCEOA,CNTRY,2022,1.54889618282836,A,0,ALL_INC_P,2
OECD.ENV.EPI:DSD_PA@DF_PROT_AREA(1.0),KGZ,A,TERRESTRIAL,PT_LAR,ALL_INC_P,TCEOA,CNTRY,2018,6.53755014915754,A,0,ALL_INC_P,2
OECD.ENV.EPI:DSD_PA@DF_PROT_AREA(1.0),KGZ,A,TERRESTRIAL,PT_LAR,ALL_INC_P,TCEOA,CNTRY,2019,6.53755014915754,A,0,ALL_INC_P,2
OECD.ENV.EPI:DSD_PA@DF_PROT_AREA(1.0),KGZ,A,TERRESTRIAL,PT_LAR,ALL_INC_P,TCEOA,CNTRY,2020,6.53755014915754,A,0,ALL_INC_P,2
OECD.ENV.EPI:DSD_PA@DF_PROT_AREA(1.0),KGZ,A,TERRESTRIAL,PT_LAR,ALL_INC_P,TCEOA,CNTRY,2021,6.53755014915754,A,0,ALL_INC_P,2
OECD.ENV.EPI:DSD_PA@DF_PROT_AREA(1.0),KGZ,A,TERRESTRIAL,PT_LAR,ALL_INC_P,TCEOA,CNTRY,2022,6.53755014915754,A,0,ALL_INC_P,2
OECD.ENV.EPI:DSD_PA@DF_PROT_AREA(1.0),SXM,A,TERRESTRIAL,PT_LAR,ALL_INC_P,TCEOA,CNTRY,2018,0.676470588235294,A,0,ALL_INC_P,2
OECD.ENV.EPI:DSD_PA@DF_PROT_AREA(1.0),SXM,A,TERRESTRIAL,PT_LAR,ALL_INC_P,TCEOA,CNTRY,2019,0.676470588235294,A,0,ALL_INC_P,2
OECD.ENV.EPI:DSD_PA@DF_PROT_AREA(1.0),SXM,A,TERRESTRIAL,PT_LAR,ALL_INC_P,TCEOA,CNTRY,2020,0.676470588235294,A,0,ALL_INC_P,2
OECD.ENV.EPI:DSD_PA@DF_PROT_AREA(1.0),SXM,A,TERRESTRIAL,PT_LAR,ALL_INC_P,TCEOA,CNTRY,2021,0.676470588235294,A,0,ALL_INC_P,2
OECD.ENV.EPI:DSD_PA@DF_PROT_AREA(1.0),SXM,A,TERRESTRIAL,PT_LAR,ALL_INC_P,TCEOA,CNTRY,2022,0.676470588235294,A,0,ALL_INC_P,2
OECD.ENV.EPI:DSD_PA@DF_PROT_AREA(1.0),ARG,A,TERRESTRIAL,PT_LAR,ALL_INC_P,TCEOA,CNTRY,2018,8.40985687707251,A,0,ALL_INC_P,2
OECD.ENV.EPI:DSD_PA@DF_PROT_AREA(1.0),ARG,A,TERRESTRIAL,PT_LAR,ALL_INC_P,TCEOA,CNTRY,2019,8.4151146975128,A,0,ALL_INC_P,2
OECD.ENV.EPI:DSD_PA@DF_PROT_AREA(1.0),ARG,A,TERRESTRIAL,PT_LAR,ALL_INC_P,TCEOA,CNTRY,2020,8.4151146975128,A,0,ALL_INC_P,2
OECD.ENV.EPI:DSD_PA@DF_PROT_AREA(1.0),ARG,A,TERRESTRIAL,PT_LAR,ALL_INC_P,TCEOA,CNTRY,2021,8.62662084297172,A,0,ALL_INC_P,2
OECD.ENV.EPI:DSD_PA@DF_PROT_AREA(1.0),ARG,A,TERRESTRIAL,PT_LAR,ALL_INC_P,TCEOA,CNTRY,2022,8.62864860307327,A,0,ALL_INC_P,2
OECD.ENV.EPI:DSD_PA@DF_PROT_AREA(1.0),NZL,A,TERRESTRIAL,PT_LAR,ALL_INC_P,TCEOA,CNTRY,2018,33.3048121412338,A,0,ALL_INC_P,2
OECD.ENV.EPI:DSD_PA@DF_PROT_AREA(1.0),NZL,A,TERRESTRIAL,PT_LAR,ALL_INC_P,TCEOA,CNTRY,2019,33.3209534668184,A,0,ALL_INC_P,2
OECD.ENV.EPI:DSD_PA@DF_PROT_AREA(1.0),NZL,A,TERRESTRIAL,PT_LAR,ALL_INC_P,TCEOA,CNTRY,2020,33.3215991198418,A,0,ALL_INC_P,2
OECD.ENV.EPI:DSD_PA@DF_PROT_AREA(1.0),NZL,A,TERRESTRIAL,PT_LAR,ALL_INC_P,TCEOA,CNTRY,2021,33.3215991198418,A,0,ALL_INC_P,2
OECD.ENV.EPI:DSD_PA@DF_PROT_AREA(1.0),NZL,A,TERRESTRIAL,PT_LAR,ALL_INC_P,TCEOA,CNTRY,2022,33.3215991198418,A,0,ALL_INC_P,2
OECD.ENV.EPI:DSD_PA@DF_PROT_AREA(1.0),CYP,A,TERRESTRIAL,PT_LAR,ALL_INC_P,TCEOA,CNTRY,2018,37.0550027036196,A,0,ALL_INC_P,2
OECD.ENV.EPI:DSD_PA@DF_PROT_AREA(1.0),CYP,A,TERRESTRIAL,PT_LAR,ALL_INC_P,TCEOA,CNTRY,2019,37.6279350189413,A,0,ALL_INC_P,2
OECD.ENV.EPI:DSD_PA@DF_PROT_AREA(1.0),CYP,A,TERRESTRIAL,PT_LAR,ALL_INC_P,TCEOA,CNTRY,2020,37.6279350189413,A,0,ALL_INC_P,2
OECD.ENV.EPI:DSD_PA@DF_PROT_AREA(1.0),CYP,A,TERRESTRIAL,PT_LAR,ALL_INC_P,TCEOA,CNTRY,2021,37.6279350189413,A,0,ALL_INC_P,2
OECD.ENV.EPI:DSD_PA@DF_PROT_AREA(1.0),CYP,A,TERRESTRIAL,PT_LAR,ALL_INC_P,TCEOA,CNTRY,2022,37.6279350189413,A,0,ALL_INC_P,2
OECD.ENV.EPI:DSD_PA@DF_PROT_AREA(1.0),GRC,A,TERRESTRIAL,PT_LAR,ALL_INC_P,TCEOA,CNTRY,2018,34.8921242905915,A,0,ALL_INC_P,2
OECD.ENV.EPI:DSD_PA@DF_PROT_AREA(1.0),GRC,A,TERRESTRIAL,PT_LAR,ALL_INC_P,TCEOA,CNTRY,2019,34.8921242905915,A,0,ALL_INC_P,2
OECD.ENV.EPI:DSD_PA@DF_PROT_AREA(1.0),GRC,A,TERRESTRIAL,PT_LAR,ALL_INC_P,TCEOA,CNTRY,2020,34.8921242905915,A,0,ALL_INC_P,2
OECD.ENV.EPI:DSD_PA@DF_PROT_AREA(1.0),GRC,A,TERRESTRIAL,PT_LAR,ALL_INC_P,TCEOA,CNTRY,2021,34.8921242905915,A,0,ALL_INC_P,2
OECD.ENV.EPI:DSD_PA@DF_PROT_AREA(1.0),GRC,A,TERRESTRIAL,PT_LAR,ALL_INC_P,TCEOA,CNTRY,2022,34.8921242905915,A,0,ALL_INC_P,2
OECD.ENV.EPI:DSD_PA@DF_PROT_AREA(1.0),JAM,A,TERRESTRIAL,PT_LAR,ALL_INC_P,TCEOA,CNTRY,2018,19.6218833432533,A,0,ALL_INC_P,2
OECD.ENV.EPI:DSD_PA@DF_PROT_AREA(1.0),JAM,A,TERRESTRIAL,PT_LAR,ALL_INC_P,TCEOA,CNTRY,2019,19.6218833432533,A,0,ALL_INC_P,2
OECD.ENV.EPI:DSD_PA@DF_PROT_AREA(1.0),JAM,A,TERRESTRIAL,PT_LAR,ALL_INC_P,TCEOA,CNTRY,2020,19.6218833432533,A,0,ALL_INC_P,2
OECD.ENV.EPI:DSD_PA@DF_PROT_AREA(1.0),JAM,A,TERRESTRIAL,PT_LAR,ALL_INC_P,TCEOA,CNTRY,2021,19.7480401133133,A,0,ALL_INC_P,2
OECD.ENV.EPI:DSD_PA@DF_PROT_AREA(1.0),JAM,A,TERRESTRIAL,PT_LAR,ALL_INC_P,TCEOA,CNTRY,2022,19.7480401133133,A,0,ALL_INC_P,2
OECD.ENV.EPI:DSD_PA@DF_PROT_AREA(1.0),MLT,A,TERRESTRIAL,PT_LAR,ALL_INC_P,TCEOA,CNTRY,2018,29.6696355350369,A,0,ALL_INC_P,2
OECD.ENV.EPI:DSD_PA@DF_PROT_AREA(1.0),MLT,A,TERRESTRIAL,PT_LAR,ALL_INC_P,TCEOA,CNTRY,2019,29.8176803422056,A,0,ALL_INC_P,2
OECD.ENV.EPI:DSD_PA@DF_PROT_AREA(1.0),MLT,A,TERRESTRIAL,PT_LAR,ALL_INC_P,TCEOA,CNTRY,2020,29.8176803422056,A,0,ALL_INC_P,2
OECD.ENV.EPI:DSD_PA@DF_PROT_AREA(1.0),MLT,A,TERRESTRIAL,PT_LAR,ALL_INC_P,TCEOA,CNTRY,2021,29.8176803422056,A,0,ALL_INC_P,2
OECD.ENV.EPI:DSD_PA@DF_PROT_AREA(1.0),MLT,A,TERRESTRIAL,PT_LAR,ALL_INC_P,TCEOA,CNTRY,2022,29.8176803422056,A,0,ALL_INC_P,2
OECD.ENV.EPI:DSD_PA@DF_PROT_AREA(1.0),PRY,A,TERRESTRIAL,PT_LAR,ALL_INC_P,TCEOA,CNTRY,2018,14.2934110356388,A,0,ALL_INC_P,2
OECD.ENV.EPI:DSD_PA@DF_PROT_AREA(1.0),PRY,A,TERRESTRIAL,PT_LAR,ALL_INC_P,TCEOA,CNTRY,2019,14.2934110356388,A,0,ALL_INC_P,2
OECD.ENV.EPI:DSD_PA@DF_PROT_AREA(1.0),PRY,A,TERRESTRIAL,PT_LAR,ALL_INC_P,TCEOA,CNTRY,2020,14.2934110356388,A,0,ALL_INC_P,2
OECD.ENV.EPI:DSD_PA@DF_PROT_AREA(1.0),PRY,A,TERRESTRIAL,PT_LAR,ALL_INC_P,TCEOA,CNTRY,2021,14.2934110356388,A,0,ALL_INC_P,2
OECD.ENV.EPI:DSD_PA@DF_PROT_AREA(1.0),PRY,A,TERRESTRIAL,PT_LAR,ALL_INC_P,TCEOA,CNTRY,2022,14.2934110356388,A,0,ALL_INC_P,2
OECD.ENV.EPI:DSD_PA@DF_PROT_AREA(1.0),IPAC,A,TERRESTRIAL,PT_LAR,ALL_INC_P,TCEOA,CNTRY,2018,13.5999149918593,A,0,ALL_INC_P,2
OECD.ENV.EPI:DSD_PA@DF_PROT_AREA(1.0),IPAC,A,TERRESTRIAL,PT_LAR,ALL_INC_P,TCEOA,CNTRY,2019,13.7149414092327,A,0,ALL_INC_P,2
OECD.ENV.EPI:DSD_PA@DF_PROT_AREA(1.0),IPAC,A,TERRESTRIAL,PT_LAR,ALL_INC_P,TCEOA,CNTRY,2020,13.9309175557607,A,0,ALL_INC_P,2
OECD.ENV.EPI:DSD_PA@DF_PROT_AREA(1.0),IPAC,A,TERRESTRIAL,PT_LAR,ALL_INC_P,TCEOA,CNTRY,2021,13.9588500667571,A,0,ALL_INC_P,2
OECD.ENV.EPI:DSD_PA@DF_PROT_AREA(1.0),IPAC,A,TERRESTRIAL,PT_LAR,ALL_INC_P,TCEOA,CNTRY,2022,13.9609915998205,A,0,ALL_INC_P,2
OECD.ENV.EPI:DSD_PA@DF_PROT_AREA(1.0),MSR,A,TERRESTRIAL,PT_LAR,ALL_INC_P,TCEOA,CNTRY,2018,11.3005259514017,A,0,ALL_INC_P,2
OECD.ENV.EPI:DSD_PA@DF_PROT_AREA(1.0),MSR,A,TERRESTRIAL,PT_LAR,ALL_INC_P,TCEOA,CNTRY,2019,11.3005259514017,A,0,ALL_INC_P,2
OECD.ENV.EPI:DSD_PA@DF_PROT_AREA(1.0),MSR,A,TERRESTRIAL,PT_LAR,ALL_INC_P,TCEOA,CNTRY,2020,11.3005259514017,A,0,ALL_INC_P,2
OECD.ENV.EPI:DSD_PA@DF_PROT_AREA(1.0),MSR,A,TERRESTRIAL,PT_LAR,ALL_INC_P,TCEOA,CNTRY,2021,11.3005259514017,A,0,ALL_INC_P,2
OECD.ENV.EPI:DSD_PA@DF_PROT_AREA(1.0),MSR,A,TERRESTRIAL,PT_LAR,ALL_INC_P,TCEOA,CNTRY,2022,11.3005259514017,A,0,ALL_INC_P,2
OECD.ENV.EPI:DSD_PA@DF_PROT_AREA(1.0),CYM,A,TERRESTRIAL,PT_LAR,ALL_INC_P,TCEOA,CNTRY,2018,18.2996074361157,A,0,ALL_INC_P,2
OECD.ENV.EPI:DSD_PA@DF_PROT_AREA(1.0),CYM,A,TERRESTRIAL,PT_LAR,ALL_INC_P,TCEOA,CNTRY,2019,18.2996074361157,A,0,ALL_INC_P,2
OECD.ENV.EPI:DSD_PA@DF_PROT_AREA(1.0),CYM,A,TERRESTRIAL,PT_LAR,ALL_INC_P,TCEOA,CNTRY,2020,18.2996074361157,A,0,ALL_INC_P,2
OECD.ENV.EPI:DSD_PA@DF_PROT_AREA(1.0),CYM,A,TERRESTRIAL,PT_LAR,ALL_INC_P,TCEOA,CNTRY,2021,18.2996074361157,A,0,ALL_INC_P,2
OECD.ENV.EPI:DSD_PA@DF_PROT_AREA(1.0),CYM,A,TERRESTRIAL,PT_LAR,ALL_INC_P,TCEOA,CNTRY,2022,18.2996074361157,A,0,ALL_INC_P,2
OECD.ENV.EPI:DSD_PA@DF_PROT_AREA(1.0),AZE,A,TERRESTRIAL,PT_LAR,ALL_INC_P,TCEOA,CNTRY,2018,10.0151757208944,A,0,ALL_INC_P,2
OECD.ENV.EPI:DSD_PA@DF_PROT_AREA(1.0),AZE,A,TERRESTRIAL,PT_LAR,ALL_INC_P,TCEOA,CNTRY,2019,10.0151757208944,A,0,ALL_INC_P,2
OECD.ENV.EPI:DSD_PA@DF_PROT_AREA(1.0),AZE,A,TERRESTRIAL,PT_LAR,ALL_INC_P,TCEOA,CNTRY,2020,10.0151757208944,A,0,ALL_INC_P,2
OECD.ENV.EPI:DSD_PA@DF_PROT_AREA(1.0),AZE,A,TERRESTRIAL,PT_LAR,ALL_INC_P,TCEOA,CNTRY,2021,10.0151757208944,A,0,ALL_INC_P,2
OECD.ENV.EPI:DSD_PA@DF_PROT_AREA(1.0),AZE,A,TERRESTRIAL,PT_LAR,ALL_INC_P,TCEOA,CNTRY,2022,10.0151757208944,A,0,ALL_INC_P,2
OECD.ENV.EPI:DSD_PA@DF_PROT_AREA(1.0),ESP,A,TERRESTRIAL,PT_LAR,ALL_INC_P,TCEOA,CNTRY,2018,27.985023346159,A,0,ALL_INC_P,2
OECD.ENV.EPI:DSD_PA@DF_PROT_AREA(1.0),ESP,A,TERRESTRIAL,PT_LAR,ALL_INC_P,TCEOA,CNTRY,2019,27.9970171179704,A,0,ALL_INC_P,2
OECD.ENV.EPI:DSD_PA@DF_PROT_AREA(1.0),ESP,A,TERRESTRIAL,PT_LAR,ALL_INC_P,TCEOA,CNTRY,2020,28.0945467192022,A,0,ALL_INC_P,2
OECD.ENV.EPI:DSD_PA@DF_PROT_AREA(1.0),ESP,A,TERRESTRIAL,PT_LAR,ALL_INC_P,TCEOA,CNTRY,2021,28.0971626447413,A,0,ALL_INC_P,2
OECD.ENV.EPI:DSD_PA@DF_PROT_AREA(1.0),ESP,A,TERRESTRIAL,PT_LAR,ALL_INC_P,TCEOA,CNTRY,2022,28.0971626447413,A,0,ALL_INC_P,2
OECD.ENV.EPI:DSD_PA@DF_PROT_AREA(1.0),ROU,A,TERRESTRIAL,PT_LAR,ALL_INC_P,TCEOA,CNTRY,2018,24.3301573744342,A,0,ALL_INC_P,2
OECD.ENV.EPI:DSD_PA@DF_PROT_AREA(1.0),ROU,A,TERRESTRIAL,PT_LAR,ALL_INC_P,TCEOA,CNTRY,2019,24.3321500163158,A,0,ALL_INC_P,2
OECD.ENV.EPI:DSD_PA@DF_PROT_AREA(1.0),ROU,A,TERRESTRIAL,PT_LAR,ALL_INC_P,TCEOA,CNTRY,2020,24.3321500163158,A,0,ALL_INC_P,2
OECD.ENV.EPI:DSD_PA@DF_PROT_AREA(1.0),ROU,A,TERRESTRIAL,PT_LAR,ALL_INC_P,TCEOA,CNTRY,2021,24.3321500163158,A,0,ALL_INC_P,2
OECD.ENV.EPI:DSD_PA@DF_PROT_AREA(1.0),ROU,A,TERRESTRIAL,PT_LAR,ALL_INC_P,TCEOA,CNTRY,2022,24.3321500163158,A,0,ALL_INC_P,2
OECD.ENV.EPI:DSD_PA@DF_PROT_AREA(1.0),GRL,A,TERRESTRIAL,PT_LAR,ALL_INC_P,TCEOA,CNTRY,2018,41.3869201052269,A,0,ALL_INC_P,2
OECD.ENV.EPI:DSD_PA@DF_PROT_AREA(1.0),GRL,A,TERRESTRIAL,PT_LAR,ALL_INC_P,TCEOA,CNTRY,2019,41.3869201052269,A,0,ALL_INC_P,2
OECD.ENV.EPI:DSD_PA@DF_PROT_AREA(1.0),GRL,A,TERRESTRIAL,PT_LAR,ALL_INC_P,TCEOA,CNTRY,2020,41.3869201052269,A,0,ALL_INC_P,2
OECD.ENV.EPI:DSD_PA@DF_PROT_AREA(1.0),GRL,A,TERRESTRIAL,PT_LAR,ALL_INC_P,TCEOA,CNTRY,2021,41.3869201052269,A,0,ALL_INC_P,2
OECD.ENV.EPI:DSD_PA@DF_PROT_AREA(1.0),GRL,A,TERRESTRIAL,PT_LAR,ALL_INC_P,TCEOA,CNTRY,2022,41.3869201052269,A,0,ALL_INC_P,2
OECD.ENV.EPI:DSD_PA@DF_PROT_AREA(1.0),NLD,A,TERRESTRIAL,PT_LAR,ALL_INC_P,TCEOA,CNTRY,2018,26.5665480996458,A,0,ALL_INC_P,2
OECD.ENV.EPI:DSD_PA@DF_PROT_AREA(1.0),NLD,A,TERRESTRIAL,PT_LAR,ALL_INC_P,TCEOA,CNTRY,2019,26.5665480996458,A,0,ALL_INC_P,2
OECD.ENV.EPI:DSD_PA@DF_PROT_AREA(1.0),NLD,A,TERRESTRIAL,PT_LAR,ALL_INC_P,TCEOA,CNTRY,2020,26.5665480996458,A,0,ALL_INC_P,2
OECD.ENV.EPI:DSD_PA@DF_PROT_AREA(1.0),NLD,A,TERRESTRIAL,PT_LAR,ALL_INC_P,TCEOA,CNTRY,2021,26.5665480996458,A,0,ALL_INC_P,2
OECD.ENV.EPI:DSD_PA@DF_PROT_AREA(1.0),NLD,A,TERRESTRIAL,PT_LAR,ALL_INC_P,TCEOA,CNTRY,2022,26.5665480996458,A,0,ALL_INC_P,2
OECD.ENV.EPI:DSD_PA@DF_PROT_AREA(1.0),ITA,A,TERRESTRIAL,PT_LAR,ALL_INC_P,TCEOA,CNTRY,2018,20.8597146981396,A,0,ALL_INC_P,2
OECD.ENV.EPI:DSD_PA@DF_PROT_AREA(1.0),ITA,A,TERRESTRIAL,PT_LAR,ALL_INC_P,TCEOA,CNTRY,2019,21.6496380707544,A,0,ALL_INC_P,2
OECD.ENV.EPI:DSD_PA@DF_PROT_AREA(1.0),ITA,A,TERRESTRIAL,PT_LAR,ALL_INC_P,TCEOA,CNTRY,2020,21.6522913244464,A,0,ALL_INC_P,2
OECD.ENV.EPI:DSD_PA@DF_PROT_AREA(1.0),ITA,A,TERRESTRIAL,PT_LAR,ALL_INC_P,TCEOA,CNTRY,2021,21.6522913244464,A,0,ALL_INC_P,2
OECD.ENV.EPI:DSD_PA@DF_PROT_AREA(1.0),ITA,A,TERRESTRIAL,PT_LAR,ALL_INC_P,TCEOA,CNTRY,2022,21.6522913244464,A,0,ALL_INC_P,2
OECD.ENV.EPI:DSD_PA@DF_PROT_AREA(1.0),FIN,A,TERRESTRIAL,PT_LAR,ALL_INC_P,TCEOA,CNTRY,2018,13.2045965502021,A,0,ALL_INC_P,2
OECD.ENV.EPI:DSD_PA@DF_PROT_AREA(1.0),FIN,A,TERRESTRIAL,PT_LAR,ALL_INC_P,TCEOA,CNTRY,2019,13.2299947457198,A,0,ALL_INC_P,2
OECD.ENV.EPI:DSD_PA@DF_PROT_AREA(1.0),FIN,A,TERRESTRIAL,PT_LAR,ALL_INC_P,TCEOA,CNTRY,2020,13.2521808165102,A,0,ALL_INC_P,2
OECD.ENV.EPI:DSD_PA@DF_PROT_AREA(1.0),FIN,A,TERRESTRIAL,PT_LAR,ALL_INC_P,TCEOA,CNTRY,2021,13.3159751076045,A,0,ALL_INC_P,2
OECD.ENV.EPI:DSD_PA@DF_PROT_AREA(1.0),FIN,A,TERRESTRIAL,PT_LAR,ALL_INC_P,TCEOA,CNTRY,2022,13.3173197179554,A,0,ALL_INC_P,2
OECD.ENV.EPI:DSD_PA@DF_PROT_AREA(1.0),GUY,A,TERRESTRIAL,PT_LAR,ALL_INC_P,TCEOA,CNTRY,2018,8.45850442811941,A,0,ALL_INC_P,2
OECD.ENV.EPI:DSD_PA@DF_PROT_AREA(1.0),GUY,A,TERRESTRIAL,PT_LAR,ALL_INC_P,TCEOA,CNTRY,2019,8.45850442811941,A,0,ALL_INC_P,2
OECD.ENV.EPI:DSD_PA@DF_PROT_AREA(1.0),GUY,A,TERRESTRIAL,PT_LAR,ALL_INC_P,TCEOA,CNTRY,2020,8.45850442811941,A,0,ALL_INC_P,2
OECD.ENV.EPI:DSD_PA@DF_PROT_AREA(1.0),GUY,A,TERRESTRIAL,PT_LAR,ALL_INC_P,TCEOA,CNTRY,2021,8.45850442811941,A,0,ALL_INC_P,2
OECD.ENV.EPI:DSD_PA@DF_PROT_AREA(1.0),GUY,A,TERRESTRIAL,PT_LAR,ALL_INC_P,TCEOA,CNTRY,2022,8.45850442811941,A,0,ALL_INC_P,2
OECD.ENV.EPI:DSD_PA@DF_PROT_AREA(1.0),GEO,A,TERRESTRIAL,PT_LAR,ALL_INC_P,TCEOA,CNTRY,2018,9.20234975305969,A,0,ALL_INC_P,2
OECD.ENV.EPI:DSD_PA@DF_PROT_AREA(1.0),GEO,A,TERRESTRIAL,PT_LAR,ALL_INC_P,TCEOA,CNTRY,2019,9.20843596321383,A,0,ALL_INC_P,2
OECD.ENV.EPI:DSD_PA@DF_PROT_AREA(1.0),GEO,A,TERRESTRIAL,PT_LAR,ALL_INC_P,TCEOA,CNTRY,2020,9.20843596321383,A,0,ALL_INC_P,2
OECD.ENV.EPI:DSD_PA@DF_PROT_AREA(1.0),GEO,A,TERRESTRIAL,PT_LAR,ALL_INC_P,TCEOA,CNTRY,2021,10.9634125617782,A,0,ALL_INC_P,2
OECD.ENV.EPI:DSD_PA@DF_PROT_AREA(1.0),GEO,A,TERRESTRIAL,PT_LAR,ALL_INC_P,TCEOA,CNTRY,2022,10.9634125617782,A,0,ALL_INC_P,2
OECD.ENV.EPI:DSD_PA@DF_PROT_AREA(1.0),ATF,A,TERRESTRIAL,PT_LAR,ALL_INC_P,TCEOA,CNTRY,2018,100.015118462248,A,0,ALL_INC_P,2
OECD.ENV.EPI:DSD_PA@DF_PROT_AREA(1.0),ATF,A,TERRESTRIAL,PT_LAR,ALL_INC_P,TCEOA,CNTRY,2019,100.015118462248,A,0,ALL_INC_P,2
OECD.ENV.EPI:DSD_PA@DF_PROT_AREA(1.0),ATF,A,TERRESTRIAL,PT_LAR,ALL_INC_P,TCEOA,CNTRY,2020,100.015118462248,A,0,ALL_INC_P,2
OECD.ENV.EPI:DSD_PA@DF_PROT_AREA(1.0),ATF,A,TERRESTRIAL,PT_LAR,ALL_INC_P,TCEOA,CNTRY,2021,100.015118462248,A,0,ALL_INC_P,2
OECD.ENV.EPI:DSD_PA@DF_PROT_AREA(1.0),ATF,A,TERRESTRIAL,PT_LAR,ALL_INC_P,TCEOA,CNTRY,2022,100.015118462248,A,0,ALL_INC_P,2
OECD.ENV.EPI:DSD_PA@DF_PROT_AREA(1.0),MYS,A,TERRESTRIAL,PT_LAR,ALL_INC_P,TCEOA,CNTRY,2018,13.2440634833097,A,0,ALL_INC_P,2
OECD.ENV.EPI:DSD_PA@DF_PROT_AREA(1.0),MYS,A,TERRESTRIAL,PT_LAR,ALL_INC_P,TCEOA,CNTRY,2019,13.2440634833097,A,0,ALL_INC_P,2
OECD.ENV.EPI:DSD_PA@DF_PROT_AREA(1.0),MYS,A,TERRESTRIAL,PT_LAR,ALL_INC_P,TCEOA,CNTRY,2020,13.2440634833097,A,0,ALL_INC_P,2
OECD.ENV.EPI:DSD_PA@DF_PROT_AREA(1.0),MYS,A,TERRESTRIAL,PT_LAR,ALL_INC_P,TCEOA,CNTRY,2021,13.2440634833097,A,0,ALL_INC_P,2
OECD.ENV.EPI:DSD_PA@DF_PROT_AREA(1.0),MYS,A,TERRESTRIAL,PT_LAR,ALL_INC_P,TCEOA,CNTRY,2022,13.2440634833097,A,0,ALL_INC_P,2
OECD.ENV.EPI:DSD_PA@DF_PROT_AREA(1.0),CHN,A,TERRESTRIAL,PT_LAR,ALL_INC_P,TCEOA,CNTRY,2018,1.67826807926637,A,0,ALL_INC_P,2
OECD.ENV.EPI:DSD_PA@DF_PROT_AREA(1.0),CHN,A,TERRESTRIAL,PT_LAR,ALL_INC_P,TCEOA,CNTRY,2019,1.67826807926637,A,0,ALL_INC_P,2
OECD.ENV.EPI:DSD_PA@DF_PROT_AREA(1.0),CHN,A,TERRESTRIAL,PT_LAR,ALL_INC_P,TCEOA,CNTRY,2020,1.67826807926637,A,0,ALL_INC_P,2
OECD.ENV.EPI:DSD_PA@DF_PROT_AREA(1.0),CHN,A,TERRESTRIAL,PT_LAR,ALL_INC_P,TCEOA,CNTRY,2021,1.67826807926637,A,0,ALL_INC_P,2
OECD.ENV.EPI:DSD_PA@DF_PROT_AREA(1.0),CHN,A,TERRESTRIAL,PT_LAR,ALL_INC_P,TCEOA,CNTRY,2022,1.67826807926637,A,0,ALL_INC_P,2
OECD.ENV.EPI:DSD_PA@DF_PROT_AREA(1.0),SVN,A,TERRESTRIAL,PT_LAR,ALL_INC_P,TCEOA,CNTRY,2018,40.1458438013169,A,0,ALL_INC_P,2
OECD.ENV.EPI:DSD_PA@DF_PROT_AREA(1.0),SVN,A,TERRESTRIAL,PT_LAR,ALL_INC_P,TCEOA,CNTRY,2019,40.1458438013169,A,0,ALL_INC_P,2
OECD.ENV.EPI:DSD_PA@DF_PROT_AREA(1.0),SVN,A,TERRESTRIAL,PT_LAR,ALL_INC_P,TCEOA,CNTRY,2020,40.1458438013169,A,0,ALL_INC_P,2
OECD.ENV.EPI:DSD_PA@DF_PROT_AREA(1.0),SVN,A,TERRESTRIAL,PT_LAR,ALL_INC_P,TCEOA,CNTRY,2021,40.1470778809272,A,0,ALL_INC_P,2
OECD.ENV.EPI:DSD_PA@DF_PROT_AREA(1.0),SVN,A,TERRESTRIAL,PT_LAR,ALL_INC_P,TCEOA,CNTRY,2022,40.1470778809272,A,0,ALL_INC_P,2
OECD.ENV.EPI:DSD_PA@DF_PROT_AREA(1.0),RUS,A,TERRESTRIAL,PT_LAR,ALL_INC_P,TCEOA,CNTRY,2018,11.2333382325182,A,0,ALL_INC_P,2
OECD.ENV.EPI:DSD_PA@DF_PROT_AREA(1.0),RUS,A,TERRESTRIAL,PT_LAR,ALL_INC_P,TCEOA,CNTRY,2019,11.2901103426966,A,0,ALL_INC_P,2
OECD.ENV.EPI:DSD_PA@DF_PROT_AREA(1.0),RUS,A,TERRESTRIAL,PT_LAR,ALL_INC_P,TCEOA,CNTRY,2020,11.2966659862399,A,0,ALL_INC_P,2
OECD.ENV.EPI:DSD_PA@DF_PROT_AREA(1.0),RUS,A,TERRESTRIAL,PT_LAR,ALL_INC_P,TCEOA,CNTRY,2021,11.2966659862399,A,0,ALL_INC_P,2
OECD.ENV.EPI:DSD_PA@DF_PROT_AREA(1.0),RUS,A,TERRESTRIAL,PT_LAR,ALL_INC_P,TCEOA,CNTRY,2022,11.2966659862399,A,0,ALL_INC_P,2
OECD.ENV.EPI:DSD_PA@DF_PROT_AREA(1.0),NIC,A,TERRESTRIAL,PT_LAR,ALL_INC_P,TCEOA,CNTRY,2018,21.277937467454,A,0,ALL_INC_P,2
OECD.ENV.EPI:DSD_PA@DF_PROT_AREA(1.0),NIC,A,TERRESTRIAL,PT_LAR,ALL_INC_P,TCEOA,CNTRY,2019,21.277937467454,A,0,ALL_INC_P,2
OECD.ENV.EPI:DSD_PA@DF_PROT_AREA(1.0),NIC,A,TERRESTRIAL,PT_LAR,ALL_INC_P,TCEOA,CNTRY,2020,21.277937467454,A,0,ALL_INC_P,2
OECD.ENV.EPI:DSD_PA@DF_PROT_AREA(1.0),NIC,A,TERRESTRIAL,PT_LAR,ALL_INC_P,TCEOA,CNTRY,2021,21.277937467454,A,0,ALL_INC_P,2
OECD.ENV.EPI:DSD_PA@DF_PROT_AREA(1.0),NIC,A,TERRESTRIAL,PT_LAR,ALL_INC_P,TCEOA,CNTRY,2022,21.277937467454,A,0,ALL_INC_P,2
OECD.ENV.EPI:DSD_PA@DF_PROT_AREA(1.0),MEX,A,TERRESTRIAL,PT_LAR,ALL_INC_P,TCEOA,CNTRY,2018,14.4887759490222,A,0,ALL_INC_P,2
OECD.ENV.EPI:DSD_PA@DF_PROT_AREA(1.0),MEX,A,TERRESTRIAL,PT_LAR,ALL_INC_P,TCEOA,CNTRY,2019,14.516054358536,A,0,ALL_INC_P,2
OECD.ENV.EPI:DSD_PA@DF_PROT_AREA(1.0),MEX,A,TERRESTRIAL,PT_LAR,ALL_INC_P,TCEOA,CNTRY,2020,14.5183296778757,A,0,ALL_INC_P,2
OECD.ENV.EPI:DSD_PA@DF_PROT_AREA(1.0),MEX,A,TERRESTRIAL,PT_LAR,ALL_INC_P,TCEOA,CNTRY,2021,14.5985759962638,A,0,ALL_INC_P,2
OECD.ENV.EPI:DSD_PA@DF_PROT_AREA(1.0),MEX,A,TERRESTRIAL,PT_LAR,ALL_INC_P,TCEOA,CNTRY,2022,14.6149481264845,A,0,ALL_INC_P,2
OECD.ENV.EPI:DSD_PA@DF_PROT_AREA(1.0),NCL,A,TERRESTRIAL,PT_LAR,ALL_INC_P,TCEOA,CNTRY,2018,63.3803324743008,A,0,ALL_INC_P,2
OECD.ENV.EPI:DSD_PA@DF_PROT_AREA(1.0),NCL,A,TERRESTRIAL,PT_LAR,ALL_INC_P,TCEOA,CNTRY,2019,66.5621802014706,A,0,ALL_INC_P,2
OECD.ENV.EPI:DSD_PA@DF_PROT_AREA(1.0),NCL,A,TERRESTRIAL,PT_LAR,ALL_INC_P,TCEOA,CNTRY,2020,66.5621802014706,A,0,ALL_INC_P,2
OECD.ENV.EPI:DSD_PA@DF_PROT_AREA(1.0),NCL,A,TERRESTRIAL,PT_LAR,ALL_INC_P,TCEOA,CNTRY,2021,66.5621802014706,A,0,ALL_INC_P,2
OECD.ENV.EPI:DSD_PA@DF_PROT_AREA(1.0),NCL,A,TERRESTRIAL,PT_LAR,ALL_INC_P,TCEOA,CNTRY,2022,66.5621802014706,A,0,ALL_INC_P,2
OECD.ENV.EPI:DSD_PA@DF_PROT_AREA(1.0),KAZ,A,TERRESTRIAL,PT_LAR,ALL_INC_P,TCEOA,CNTRY,2018,10.0243423485219,A,0,ALL_INC_P,2
OECD.ENV.EPI:DSD_PA@DF_PROT_AREA(1.0),KAZ,A,TERRESTRIAL,PT_LAR,ALL_INC_P,TCEOA,CNTRY,2019,10.0243423485219,A,0,ALL_INC_P,2
OECD.ENV.EPI:DSD_PA@DF_PROT_AREA(1.0),KAZ,A,TERRESTRIAL,PT_LAR,ALL_INC_P,TCEOA,CNTRY,2020,10.0243423485219,A,0,ALL_INC_P,2
OECD.ENV.EPI:DSD_PA@DF_PROT_AREA(1.0),KAZ,A,TERRESTRIAL,PT_LAR,ALL_INC_P,TCEOA,CNTRY,2021,10.0243423485219,A,0,ALL_INC_P,2
OECD.ENV.EPI:DSD_PA@DF_PROT_AREA(1.0),KAZ,A,TERRESTRIAL,PT_LAR,ALL_INC_P,TCEOA,CNTRY,2022,10.0243423485219,A,0,ALL_INC_P,2
OECD.ENV.EPI:DSD_PA@DF_PROT_AREA(1.0),HTI,A,TERRESTRIAL,PT_LAR,ALL_INC_P,TCEOA,CNTRY,2018,7.21797008245109,A,0,ALL_INC_P,2
OECD.ENV.EPI:DSD_PA@DF_PROT_AREA(1.0),HTI,A,TERRESTRIAL,PT_LAR,ALL_INC_P,TCEOA,CNTRY,2019,7.21797008245109,A,0,ALL_INC_P,2
OECD.ENV.EPI:DSD_PA@DF_PROT_AREA(1.0),HTI,A,TERRESTRIAL,PT_LAR,ALL_INC_P,TCEOA,CNTRY,2020,7.21797008245109,A,0,ALL_INC_P,2
OECD.ENV.EPI:DSD_PA@DF_PROT_AREA(1.0),HTI,A,TERRESTRIAL,PT_LAR,ALL_INC_P,TCEOA,CNTRY,2021,8.69693462644957,A,0,ALL_INC_P,2
OECD.ENV.EPI:DSD_PA@DF_PROT_AREA(1.0),HTI,A,TERRESTRIAL,PT_LAR,ALL_INC_P,TCEOA,CNTRY,2022,8.69693462644957,A,0,ALL_INC_P,2
OECD.ENV.EPI:DSD_PA@DF_PROT_AREA(1.0),ABW,A,TERRESTRIAL,PT_LAR,ALL_INC_P,TCEOA,CNTRY,2018,19.5338979561131,A,0,ALL_INC_P,2
OECD.ENV.EPI:DSD_PA@DF_PROT_AREA(1.0),ABW,A,TERRESTRIAL,PT_LAR,ALL_INC_P,TCEOA,CNTRY,2019,19.5338979561131,A,0,ALL_INC_P,2
OECD.ENV.EPI:DSD_PA@DF_PROT_AREA(1.0),ABW,A,TERRESTRIAL,PT_LAR,ALL_INC_P,TCEOA,CNTRY,2020,19.5338979561131,A,0,ALL_INC_P,2
OECD.ENV.EPI:DSD_PA@DF_PROT_AREA(1.0),ABW,A,TERRESTRIAL,PT_LAR,ALL_INC_P,TCEOA,CNTRY,2021,19.5338979561131,A,0,ALL_INC_P,2
OECD.ENV.EPI:DSD_PA@DF_PROT_AREA(1.0),ABW,A,TERRESTRIAL,PT_LAR,ALL_INC_P,TCEOA,CNTRY,2022,19.5338979561131,A,0,ALL_INC_P,2
OECD.ENV.EPI:DSD_PA@DF_PROT_AREA(1.0),JPN,A,TERRESTRIAL,PT_LAR,ALL_INC_P,TCEOA,CNTRY,2018,30.3490743464016,A,0,ALL_INC_P,2
OECD.ENV.EPI:DSD_PA@DF_PROT_AREA(1.0),JPN,A,TERRESTRIAL,PT_LAR,ALL_INC_P,TCEOA,CNTRY,2019,30.3723160224439,A,0,ALL_INC_P,2
OECD.ENV.EPI:DSD_PA@DF_PROT_AREA(1.0),JPN,A,TERRESTRIAL,PT_LAR,ALL_INC_P,TCEOA,CNTRY,2020,30.4383572114284,A,0,ALL_INC_P,2
OECD.ENV.EPI:DSD_PA@DF_PROT_AREA(1.0),JPN,A,TERRESTRIAL,PT_LAR,ALL_INC_P,TCEOA,CNTRY,2021,30.4656176210803,A,0,ALL_INC_P,2
OECD.ENV.EPI:DSD_PA@DF_PROT_AREA(1.0),JPN,A,TERRESTRIAL,PT_LAR,ALL_INC_P,TCEOA,CNTRY,2022,30.4656176210803,A,0,ALL_INC_P,2
OECD.ENV.EPI:DSD_PA@DF_PROT_AREA(1.0),ZAF,A,TERRESTRIAL,PT_LAR,ALL_INC_P,TCEOA,CNTRY,2018,8.94674733419216,A,0,ALL_INC_P,2
OECD.ENV.EPI:DSD_PA@DF_PROT_AREA(1.0),ZAF,A,TERRESTRIAL,PT_LAR,ALL_INC_P,TCEOA,CNTRY,2019,9.04994826591042,A,0,ALL_INC_P,2
OECD.ENV.EPI:DSD_PA@DF_PROT_AREA(1.0),ZAF,A,TERRESTRIAL,PT_LAR,ALL_INC_P,TCEOA,CNTRY,2020,9.21994307730315,A,0,ALL_INC_P,2
OECD.ENV.EPI:DSD_PA@DF_PROT_AREA(1.0),ZAF,A,TERRESTRIAL,PT_LAR,ALL_INC_P,TCEOA,CNTRY,2021,9.25398285466246,A,0,ALL_INC_P,2
OECD.ENV.EPI:DSD_PA@DF_PROT_AREA(1.0),ZAF,A,TERRESTRIAL,PT_LAR,ALL_INC_P,TCEOA,CNTRY,2022,9.27875760868777,A,0,ALL_INC_P,2
OECD.ENV.EPI:DSD_PA@DF_PROT_AREA(1.0),FRA,A,TERRESTRIAL,PT_LAR,ALL_INC_P,TCEOA,CNTRY,2018,25.9192579233091,A,0,ALL_INC_P,2
OECD.ENV.EPI:DSD_PA@DF_PROT_AREA(1.0),FRA,A,TERRESTRIAL,PT_LAR,ALL_INC_P,TCEOA,CNTRY,2019,27.0014228876463,A,0,ALL_INC_P,2
OECD.ENV.EPI:DSD_PA@DF_PROT_AREA(1.0),FRA,A,TERRESTRIAL,PT_LAR,ALL_INC_P,TCEOA,CNTRY,2020,27.9059081557745,A,0,ALL_INC_P,2
OECD.ENV.EPI:DSD_PA@DF_PROT_AREA(1.0),FRA,A,TERRESTRIAL,PT_LAR,ALL_INC_P,TCEOA,CNTRY,2021,28.2407852164692,A,0,ALL_INC_P,2
OECD.ENV.EPI:DSD_PA@DF_PROT_AREA(1.0),FRA,A,TERRESTRIAL,PT_LAR,ALL_INC_P,TCEOA,CNTRY,2022,28.242371237731,A,0,ALL_INC_P,2
OECD.ENV.EPI:DSD_PA@DF_PROT_AREA(1.0),BGR,A,TERRESTRIAL,PT_LAR,ALL_INC_P,TCEOA,CNTRY,2018,40.7440708828273,A,0,ALL_INC_P,2
OECD.ENV.EPI:DSD_PA@DF_PROT_AREA(1.0),BGR,A,TERRESTRIAL,PT_LAR,ALL_INC_P,TCEOA,CNTRY,2019,40.8668034841734,A,0,ALL_INC_P,2
OECD.ENV.EPI:DSD_PA@DF_PROT_AREA(1.0),BGR,A,TERRESTRIAL,PT_LAR,ALL_INC_P,TCEOA,CNTRY,2020,40.8670286816071,A,0,ALL_INC_P,2
OECD.ENV.EPI:DSD_PA@DF_PROT_AREA(1.0),BGR,A,TERRESTRIAL,PT_LAR,ALL_INC_P,TCEOA,CNTRY,2021,40.8672538790408,A,0,ALL_INC_P,2
OECD.ENV.EPI:DSD_PA@DF_PROT_AREA(1.0),BGR,A,TERRESTRIAL,PT_LAR,ALL_INC_P,TCEOA,CNTRY,2022,40.8672538790408,A,0,ALL_INC_P,2
OECD.ENV.EPI:DSD_PA@DF_PROT_AREA(1.0),VEN,A,TERRESTRIAL,PT_LAR,ALL_INC_P,TCEOA,CNTRY,2018,56.4610747948342,A,0,ALL_INC_P,2
OECD.ENV.EPI:DSD_PA@DF_PROT_AREA(1.0),VEN,A,TERRESTRIAL,PT_LAR,ALL_INC_P,TCEOA,CNTRY,2019,56.4610747948342,A,0,ALL_INC_P,2
OECD.ENV.EPI:DSD_PA@DF_PROT_AREA(1.0),VEN,A,TERRESTRIAL,PT_LAR,ALL_INC_P,TCEOA,CNTRY,2020,56.4610747948342,A,0,ALL_INC_P,2
OECD.ENV.EPI:DSD_PA@DF_PROT_AREA(1.0),VEN,A,TERRESTRIAL,PT_LAR,ALL_INC_P,TCEOA,CNTRY,2021,56.4610747948342,A,0,ALL_INC_P,2
OECD.ENV.EPI:DSD_PA@DF_PROT_AREA(1.0),VEN,A,TERRESTRIAL,PT_LAR,ALL_INC_P,TCEOA,CNTRY,2022,56.4610747948342,A,0,ALL_INC_P,2
OECD.ENV.EPI:DSD_PA@DF_PROT_AREA(1.0),CAN,A,TERRESTRIAL,PT_LAR,ALL_INC_P,TCEOA,CNTRY,2018,11.4482815449643,A,0,ALL_INC_P,2
OECD.ENV.EPI:DSD_PA@DF_PROT_AREA(1.0),CAN,A,TERRESTRIAL,PT_LAR,ALL_INC_P,TCEOA,CNTRY,2019,11.742973233631,A,0,ALL_INC_P,2
OECD.ENV.EPI:DSD_PA@DF_PROT_AREA(1.0),CAN,A,TERRESTRIAL,PT_LAR,ALL_INC_P,TCEOA,CNTRY,2020,12.6153765363539,A,0,ALL_INC_P,2
OECD.ENV.EPI:DSD_PA@DF_PROT_AREA(1.0),CAN,A,TERRESTRIAL,PT_LAR,ALL_INC_P,TCEOA,CNTRY,2021,12.6968653714294,A,0,ALL_INC_P,2
OECD.ENV.EPI:DSD_PA@DF_PROT_AREA(1.0),CAN,A,TERRESTRIAL,PT_LAR,ALL_INC_P,TCEOA,CNTRY,2022,12.6968653714294,A,0,ALL_INC_P,2
OECD.ENV.EPI:DSD_PA@DF_PROT_AREA(1.0),SAU,A,TERRESTRIAL,PT_LAR,ALL_INC_P,TCEOA,CNTRY,2018,4.75196426140291,A,0,ALL_INC_P,2
OECD.ENV.EPI:DSD_PA@DF_PROT_AREA(1.0),SAU,A,TERRESTRIAL,PT_LAR,ALL_INC_P,TCEOA,CNTRY,2019,4.75196426140291,A,0,ALL_INC_P,2
OECD.ENV.EPI:DSD_PA@DF_PROT_AREA(1.0),SAU,A,TERRESTRIAL,PT_LAR,ALL_INC_P,TCEOA,CNTRY,2020,4.75196426140291,A,0,ALL_INC_P,2
OECD.ENV.EPI:DSD_PA@DF_PROT_AREA(1.0),SAU,A,TERRESTRIAL,PT_LAR,ALL_INC_P,TCEOA,CNTRY,2021,4.75196426140291,A,0,ALL_INC_P,2
OECD.ENV.EPI:DSD_PA@DF_PROT_AREA(1.0),SAU,A,TERRESTRIAL,PT_LAR,ALL_INC_P,TCEOA,CNTRY,2022,4.75196426140291,A,0,ALL_INC_P,2
OECD.ENV.EPI:DSD_PA@DF_PROT_AREA(1.0),GIB,A,TERRESTRIAL,PT_LAR,ALL_INC_P,TCEOA,CNTRY,2018,0,A,0,ALL_INC_P,2
OECD.ENV.EPI:DSD_PA@DF_PROT_AREA(1.0),GIB,A,TERRESTRIAL,PT_LAR,ALL_INC_P,TCEOA,CNTRY,2019,0,A,0,ALL_INC_P,2
OECD.ENV.EPI:DSD_PA@DF_PROT_AREA(1.0),GIB,A,TERRESTRIAL,PT_LAR,ALL_INC_P,TCEOA,CNTRY,2020,0,A,0,ALL_INC_P,2
OECD.ENV.EPI:DSD_PA@DF_PROT_AREA(1.0),GIB,A,TERRESTRIAL,PT_LAR,ALL_INC_P,TCEOA,CNTRY,2021,0,A,0,ALL_INC_P,2
OECD.ENV.EPI:DSD_PA@DF_PROT_AREA(1.0),GIB,A,TERRESTRIAL,PT_LAR,ALL_INC_P,TCEOA,CNTRY,2022,0,A,0,ALL_INC_P,2
OECD.ENV.EPI:DSD_PA@DF_PROT_AREA(1.0),BLZ,A,TERRESTRIAL,PT_LAR,ALL_INC_P,TCEOA,CNTRY,2018,37.2594903098097,A,0,ALL_INC_P,2
OECD.ENV.EPI:DSD_PA@DF_PROT_AREA(1.0),BLZ,A,TERRESTRIAL,PT_LAR,ALL_INC_P,TCEOA,CNTRY,2019,37.2594903098097,A,0,ALL_INC_P,2
OECD.ENV.EPI:DSD_PA@DF_PROT_AREA(1.0),BLZ,A,TERRESTRIAL,PT_LAR,ALL_INC_P,TCEOA,CNTRY,2020,37.2594903098097,A,0,ALL_INC_P,2
OECD.ENV.EPI:DSD_PA@DF_PROT_AREA(1.0),BLZ,A,TERRESTRIAL,PT_LAR,ALL_INC_P,TCEOA,CNTRY,2021,37.2594903098097,A,0,ALL_INC_P,2
OECD.ENV.EPI:DSD_PA@DF_PROT_AREA(1.0),BLZ,A,TERRESTRIAL,PT_LAR,ALL_INC_P,TCEOA,CNTRY,2022,37.2594903098097,A,0,ALL_INC_P,2
OECD.ENV.EPI:DSD_PA@DF_PROT_AREA(1.0),SPM,A,TERRESTRIAL,PT_LAR,ALL_INC_P,TCEOA,CNTRY,2018,4.27008048665856,A,0,ALL_INC_P,2
OECD.ENV.EPI:DSD_PA@DF_PROT_AREA(1.0),SPM,A,TERRESTRIAL,PT_LAR,ALL_INC_P,TCEOA,CNTRY,2019,4.27008048665856,A,0,ALL_INC_P,2
OECD.ENV.EPI:DSD_PA@DF_PROT_AREA(1.0),SPM,A,TERRESTRIAL,PT_LAR,ALL_INC_P,TCEOA,CNTRY,2020,4.27008048665856,A,0,ALL_INC_P,2
OECD.ENV.EPI:DSD_PA@DF_PROT_AREA(1.0),SPM,A,TERRESTRIAL,PT_LAR,ALL_INC_P,TCEOA,CNTRY,2021,4.27008048665856,A,0,ALL_INC_P,2
OECD.ENV.EPI:DSD_PA@DF_PROT_AREA(1.0),SPM,A,TERRESTRIAL,PT_LAR,ALL_INC_P,TCEOA,CNTRY,2022,4.27008048665856,A,0,ALL_INC_P,2
OECD.ENV.EPI:DSD_PA@DF_PROT_AREA(1.0),G7,A,TERRESTRIAL,PT_LAR,ALL_INC_P,TCEOA,CNTRY,2018,14.7344747931207,A,0,ALL_INC_P,2
OECD.ENV.EPI:DSD_PA@DF_PROT_AREA(1.0),G7,A,TERRESTRIAL,PT_LAR,ALL_INC_P,TCEOA,CNTRY,2019,14.9299192522776,A,0,ALL_INC_P,2
OECD.ENV.EPI:DSD_PA@DF_PROT_AREA(1.0),G7,A,TERRESTRIAL,PT_LAR,ALL_INC_P,TCEOA,CNTRY,2020,15.3310607098911,A,0,ALL_INC_P,2
OECD.ENV.EPI:DSD_PA@DF_PROT_AREA(1.0),G7,A,TERRESTRIAL,PT_LAR,ALL_INC_P,TCEOA,CNTRY,2021,15.3782815413512,A,0,ALL_INC_P,2
OECD.ENV.EPI:DSD_PA@DF_PROT_AREA(1.0),G7,A,TERRESTRIAL,PT_LAR,ALL_INC_P,TCEOA,CNTRY,2022,15.378589727381,A,0,ALL_INC_P,2
OECD.ENV.EPI:DSD_PA@DF_PROT_AREA(1.0),ARM,A,TERRESTRIAL,PT_LAR,ALL_INC_P,TCEOA,CNTRY,2018,24.2624573608879,A,0,ALL_INC_P,2
OECD.ENV.EPI:DSD_PA@DF_PROT_AREA(1.0),ARM,A,TERRESTRIAL,PT_LAR,ALL_INC_P,TCEOA,CNTRY,2019,24.2624573608879,A,0,ALL_INC_P,2
OECD.ENV.EPI:DSD_PA@DF_PROT_AREA(1.0),ARM,A,TERRESTRIAL,PT_LAR,ALL_INC_P,TCEOA,CNTRY,2020,24.2624573608879,A,0,ALL_INC_P,2
OECD.ENV.EPI:DSD_PA@DF_PROT_AREA(1.0),ARM,A,TERRESTRIAL,PT_LAR,ALL_INC_P,TCEOA,CNTRY,2021,24.2624573608879,A,0,ALL_INC_P,2
OECD.ENV.EPI:DSD_PA@DF_PROT_AREA(1.0),ARM,A,TERRESTRIAL,PT_LAR,ALL_INC_P,TCEOA,CNTRY,2022,24.2624573608879,A,0,ALL_INC_P,2
OECD.ENV.EPI:DSD_PA@DF_PROT_AREA(1.0),LAO,A,TERRESTRIAL,PT_LAR,ALL_INC_P,TCEOA,CNTRY,2018,13.7146953408846,A,0,ALL_INC_P,2
OECD.ENV.EPI:DSD_PA@DF_PROT_AREA(1.0),LAO,A,TERRESTRIAL,PT_LAR,ALL_INC_P,TCEOA,CNTRY,2019,17.6359440923224,A,0,ALL_INC_P,2
OECD.ENV.EPI:DSD_PA@DF_PROT_AREA(1.0),LAO,A,TERRESTRIAL,PT_LAR,ALL_INC_P,TCEOA,CNTRY,2020,18.6080133662432,A,0,ALL_INC_P,2
OECD.ENV.EPI:DSD_PA@DF_PROT_AREA(1.0),LAO,A,TERRESTRIAL,PT_LAR,ALL_INC_P,TCEOA,CNTRY,2021,18.6080133662432,A,0,ALL_INC_P,2
OECD.ENV.EPI:DSD_PA@DF_PROT_AREA(1.0),LAO,A,TERRESTRIAL,PT_LAR,ALL_INC_P,TCEOA,CNTRY,2022,18.6080133662432,A,0,ALL_INC_P,2
OECD.ENV.EPI:DSD_PA@DF_PROT_AREA(1.0),SVK,A,TERRESTRIAL,PT_LAR,ALL_INC_P,TCEOA,CNTRY,2018,37.2729357601738,A,0,ALL_INC_P,2
OECD.ENV.EPI:DSD_PA@DF_PROT_AREA(1.0),SVK,A,TERRESTRIAL,PT_LAR,ALL_INC_P,TCEOA,CNTRY,2019,37.2729357601738,A,0,ALL_INC_P,2
OECD.ENV.EPI:DSD_PA@DF_PROT_AREA(1.0),SVK,A,TERRESTRIAL,PT_LAR,ALL_INC_P,TCEOA,CNTRY,2020,37.2734462574244,A,0,ALL_INC_P,2
OECD.ENV.EPI:DSD_PA@DF_PROT_AREA(1.0),SVK,A,TERRESTRIAL,PT_LAR,ALL_INC_P,TCEOA,CNTRY,2021,37.2790617271813,A,0,ALL_INC_P,2
OECD.ENV.EPI:DSD_PA@DF_PROT_AREA(1.0),SVK,A,TERRESTRIAL,PT_LAR,ALL_INC_P,TCEOA,CNTRY,2022,37.2790617271813,A,0,ALL_INC_P,2
OECD.ENV.EPI:DSD_PA@DF_PROT_AREA(1.0),TCA,A,TERRESTRIAL,PT_LAR,ALL_INC_P,TCEOA,CNTRY,2018,29.7460091678026,A,0,ALL_INC_P,2
OECD.ENV.EPI:DSD_PA@DF_PROT_AREA(1.0),TCA,A,TERRESTRIAL,PT_LAR,ALL_INC_P,TCEOA,CNTRY,2019,29.7460091678026,A,0,ALL_INC_P,2
OECD.ENV.EPI:DSD_PA@DF_PROT_AREA(1.0),TCA,A,TERRESTRIAL,PT_LAR,ALL_INC_P,TCEOA,CNTRY,2020,29.7460091678026,A,0,ALL_INC_P,2
OECD.ENV.EPI:DSD_PA@DF_PROT_AREA(1.0),TCA,A,TERRESTRIAL,PT_LAR,ALL_INC_P,TCEOA,CNTRY,2021,29.7460091678026,A,0,ALL_INC_P,2
OECD.ENV.EPI:DSD_PA@DF_PROT_AREA(1.0),TCA,A,TERRESTRIAL,PT_LAR,ALL_INC_P,TCEOA,CNTRY,2022,29.7460091678026,A,0,ALL_INC_P,2
OECD.ENV.EPI:DSD_PA@DF_PROT_AREA(1.0),VCT,A,TERRESTRIAL,PT_LAR,ALL_INC_P,TCEOA,CNTRY,2018,18.7535841248724,A,0,ALL_INC_P,2
OECD.ENV.EPI:DSD_PA@DF_PROT_AREA(1.0),VCT,A,TERRESTRIAL,PT_LAR,ALL_INC_P,TCEOA,CNTRY,2019,18.7535841248724,A,0,ALL_INC_P,2
OECD.ENV.EPI:DSD_PA@DF_PROT_AREA(1.0),VCT,A,TERRESTRIAL,PT_LAR,ALL_INC_P,TCEOA,CNTRY,2020,18.7535841248724,A,0,ALL_INC_P,2
OECD.ENV.EPI:DSD_PA@DF_PROT_AREA(1.0),VCT,A,TERRESTRIAL,PT_LAR,ALL_INC_P,TCEOA,CNTRY,2021,18.7535841248724,A,0,ALL_INC_P,2
OECD.ENV.EPI:DSD_PA@DF_PROT_AREA(1.0),VCT,A,TERRESTRIAL,PT_LAR,ALL_INC_P,TCEOA,CNTRY,2022,18.7535841248724,A,0,ALL_INC_P,2
OECD.ENV.EPI:DSD_PA@DF_PROT_AREA(1.0),CUB,A,TERRESTRIAL,PT_LAR,ALL_INC_P,TCEOA,CNTRY,2018,15.2369750984844,A,0,ALL_INC_P,2
OECD.ENV.EPI:DSD_PA@DF_PROT_AREA(1.0),CUB,A,TERRESTRIAL,PT_LAR,ALL_INC_P,TCEOA,CNTRY,2019,15.2369750984844,A,0,ALL_INC_P,2
OECD.ENV.EPI:DSD_PA@DF_PROT_AREA(1.0),CUB,A,TERRESTRIAL,PT_LAR,ALL_INC_P,TCEOA,CNTRY,2020,15.2369750984844,A,0,ALL_INC_P,2
OECD.ENV.EPI:DSD_PA@DF_PROT_AREA(1.0),CUB,A,TERRESTRIAL,PT_LAR,ALL_INC_P,TCEOA,CNTRY,2021,15.2369750984844,A,0,ALL_INC_P,2
OECD.ENV.EPI:DSD_PA@DF_PROT_AREA(1.0),CUB,A,TERRESTRIAL,PT_LAR,ALL_INC_P,TCEOA,CNTRY,2022,15.2369750984844,A,0,ALL_INC_P,2
OECD.ENV.EPI:DSD_PA@DF_PROT_AREA(1.0),PAN,A,TERRESTRIAL,PT_LAR,ALL_INC_P,TCEOA,CNTRY,2018,29.7905951830486,A,0,ALL_INC_P,2
OECD.ENV.EPI:DSD_PA@DF_PROT_AREA(1.0),PAN,A,TERRESTRIAL,PT_LAR,ALL_INC_P,TCEOA,CNTRY,2019,30.8080742922753,A,0,ALL_INC_P,2
OECD.ENV.EPI:DSD_PA@DF_PROT_AREA(1.0),PAN,A,TERRESTRIAL,PT_LAR,ALL_INC_P,TCEOA,CNTRY,2020,30.8080742922753,A,0,ALL_INC_P,2
OECD.ENV.EPI:DSD_PA@DF_PROT_AREA(1.0),PAN,A,TERRESTRIAL,PT_LAR,ALL_INC_P,TCEOA,CNTRY,2021,30.8080742922753,A,0,ALL_INC_P,2
OECD.ENV.EPI:DSD_PA@DF_PROT_AREA(1.0),PAN,A,TERRESTRIAL,PT_LAR,ALL_INC_P,TCEOA,CNTRY,2022,30.8080742922753,A,0,ALL_INC_P,2
OECD.ENV.EPI:DSD_PA@DF_PROT_AREA(1.0),SGS,A,TERRESTRIAL,PT_LAR,ALL_INC_P,TCEOA,CNTRY,2018,10.5986058372777,A,0,ALL_INC_P,2
OECD.ENV.EPI:DSD_PA@DF_PROT_AREA(1.0),SGS,A,TERRESTRIAL,PT_LAR,ALL_INC_P,TCEOA,CNTRY,2019,10.5986058372777,A,0,ALL_INC_P,2
OECD.ENV.EPI:DSD_PA@DF_PROT_AREA(1.0),SGS,A,TERRESTRIAL,PT_LAR,ALL_INC_P,TCEOA,CNTRY,2020,10.5986058372777,A,0,ALL_INC_P,2
OECD.ENV.EPI:DSD_PA@DF_PROT_AREA(1.0),SGS,A,TERRESTRIAL,PT_LAR,ALL_INC_P,TCEOA,CNTRY,2021,10.5986058372777,A,0,ALL_INC_P,2
OECD.ENV.EPI:DSD_PA@DF_PROT_AREA(1.0),SGS,A,TERRESTRIAL,PT_LAR,ALL_INC_P,TCEOA,CNTRY,2022,10.5986058372777,A,0,ALL_INC_P,2
OECD.ENV.EPI:DSD_PA@DF_PROT_AREA(1.0),A9,A,TERRESTRIAL,PT_LAR,ALL_INC_P,TCEOA,CNTRY,2018,23.95013,A,0,ALL_INC_P,2
OECD.ENV.EPI:DSD_PA@DF_PROT_AREA(1.0),A9,A,TERRESTRIAL,PT_LAR,ALL_INC_P,TCEOA,CNTRY,2019,24.11132,A,0,ALL_INC_P,2
OECD.ENV.EPI:DSD_PA@DF_PROT_AREA(1.0),A9,A,TERRESTRIAL,PT_LAR,ALL_INC_P,TCEOA,CNTRY,2020,24.11354,A,0,ALL_INC_P,2
OECD.ENV.EPI:DSD_PA@DF_PROT_AREA(1.0),A9,A,TERRESTRIAL,PT_LAR,ALL_INC_P,TCEOA,CNTRY,2021,24.1738,A,0,ALL_INC_P,2
OECD.ENV.EPI:DSD_PA@DF_PROT_AREA(1.0),A9,A,TERRESTRIAL,PT_LAR,ALL_INC_P,TCEOA,CNTRY,2022,24.18071,A,0,ALL_INC_P,2
OECD.ENV.EPI:DSD_PA@DF_PROT_AREA(1.0),KOR,A,TERRESTRIAL,PT_LAR,ALL_INC_P,TCEOA,CNTRY,2018,15.2734572625026,A,0,ALL_INC_P,2
OECD.ENV.EPI:DSD_PA@DF_PROT_AREA(1.0),KOR,A,TERRESTRIAL,PT_LAR,ALL_INC_P,TCEOA,CNTRY,2019,16.4817522528039,A,0,ALL_INC_P,2
OECD.ENV.EPI:DSD_PA@DF_PROT_AREA(1.0),KOR,A,TERRESTRIAL,PT_LAR,ALL_INC_P,TCEOA,CNTRY,2020,16.807345278522,A,0,ALL_INC_P,2
OECD.ENV.EPI:DSD_PA@DF_PROT_AREA(1.0),KOR,A,TERRESTRIAL,PT_LAR,ALL_INC_P,TCEOA,CNTRY,2021,16.807345278522,A,0,ALL_INC_P,2
OECD.ENV.EPI:DSD_PA@DF_PROT_AREA(1.0),KOR,A,TERRESTRIAL,PT_LAR,ALL_INC_P,TCEOA,CNTRY,2022,16.807345278522,A,0,ALL_INC_P,2
OECD.ENV.EPI:DSD_PA@DF_PROT_AREA(1.0),BRN,A,TERRESTRIAL,PT_LAR,ALL_INC_P,TCEOA,CNTRY,2018,43.7766700230691,A,0,ALL_INC_P,2
OECD.ENV.EPI:DSD_PA@DF_PROT_AREA(1.0),BRN,A,TERRESTRIAL,PT_LAR,ALL_INC_P,TCEOA,CNTRY,2019,43.7766700230691,A,0,ALL_INC_P,2
OECD.ENV.EPI:DSD_PA@DF_PROT_AREA(1.0),BRN,A,TERRESTRIAL,PT_LAR,ALL_INC_P,TCEOA,CNTRY,2020,43.7766700230691,A,0,ALL_INC_P,2
OECD.ENV.EPI:DSD_PA@DF_PROT_AREA(1.0),BRN,A,TERRESTRIAL,PT_LAR,ALL_INC_P,TCEOA,CNTRY,2021,43.7766700230691,A,0,ALL_INC_P,2
OECD.ENV.EPI:DSD_PA@DF_PROT_AREA(1.0),BRN,A,TERRESTRIAL,PT_LAR,ALL_INC_P,TCEOA,CNTRY,2022,43.7766700230691,A,0,ALL_INC_P,2
OECD.ENV.EPI:DSD_PA@DF_PROT_AREA(1.0),IMN,A,TERRESTRIAL,PT_LAR,ALL_INC_P,TCEOA,CNTRY,2018,6.85075533046232,A,0,ALL_INC_P,2
OECD.ENV.EPI:DSD_PA@DF_PROT_AREA(1.0),IMN,A,TERRESTRIAL,PT_LAR,ALL_INC_P,TCEOA,CNTRY,2019,6.85075533046232,A,0,ALL_INC_P,2
OECD.ENV.EPI:DSD_PA@DF_PROT_AREA(1.0),IMN,A,TERRESTRIAL,PT_LAR,ALL_INC_P,TCEOA,CNTRY,2020,6.85075533046232,A,0,ALL_INC_P,2
OECD.ENV.EPI:DSD_PA@DF_PROT_AREA(1.0),IMN,A,TERRESTRIAL,PT_LAR,ALL_INC_P,TCEOA,CNTRY,2021,6.85075533046232,A,0,ALL_INC_P,2
OECD.ENV.EPI:DSD_PA@DF_PROT_AREA(1.0),IMN,A,TERRESTRIAL,PT_LAR,ALL_INC_P,TCEOA,CNTRY,2022,6.85075533046232,A,0,ALL_INC_P,2
OECD.ENV.EPI:DSD_PA@DF_PROT_AREA(1.0),TJK,A,TERRESTRIAL,PT_LAR,ALL_INC_P,TCEOA,CNTRY,2018,21.9119615777075,A,0,ALL_INC_P,2
OECD.ENV.EPI:DSD_PA@DF_PROT_AREA(1.0),TJK,A,TERRESTRIAL,PT_LAR,ALL_INC_P,TCEOA,CNTRY,2019,21.9119615777075,A,0,ALL_INC_P,2
OECD.ENV.EPI:DSD_PA@DF_PROT_AREA(1.0),TJK,A,TERRESTRIAL,PT_LAR,ALL_INC_P,TCEOA,CNTRY,2020,21.9119615777075,A,0,ALL_INC_P,2
OECD.ENV.EPI:DSD_PA@DF_PROT_AREA(1.0),TJK,A,TERRESTRIAL,PT_LAR,ALL_INC_P,TCEOA,CNTRY,2021,21.9119615777075,A,0,ALL_INC_P,2
OECD.ENV.EPI:DSD_PA@DF_PROT_AREA(1.0),TJK,A,TERRESTRIAL,PT_LAR,ALL_INC_P,TCEOA,CNTRY,2022,21.9119615777075,A,0,ALL_INC_P,2
OECD.ENV.EPI:DSD_PA@DF_PROT_AREA(1.0),G20,A,TERRESTRIAL,PT_LAR,ALL_INC_P,TCEOA,CNTRY,2018,13.2568206954484,A,0,ALL_INC_P,2
OECD.ENV.EPI:DSD_PA@DF_PROT_AREA(1.0),G20,A,TERRESTRIAL,PT_LAR,ALL_INC_P,TCEOA,CNTRY,2019,13.3386336792147,A,0,ALL_INC_P,2
OECD.ENV.EPI:DSD_PA@DF_PROT_AREA(1.0),G20,A,TERRESTRIAL,PT_LAR,ALL_INC_P,TCEOA,CNTRY,2020,13.5646960015348,A,0,ALL_INC_P,2
OECD.ENV.EPI:DSD_PA@DF_PROT_AREA(1.0),G20,A,TERRESTRIAL,PT_LAR,ALL_INC_P,TCEOA,CNTRY,2021,13.5885839684283,A,0,ALL_INC_P,2
OECD.ENV.EPI:DSD_PA@DF_PROT_AREA(1.0),G20,A,TERRESTRIAL,PT_LAR,ALL_INC_P,TCEOA,CNTRY,2022,13.5895279505859,A,0,ALL_INC_P,2
OECD.ENV.EPI:DSD_PA@DF_PROT_AREA(1.0),BMU,A,TERRESTRIAL,PT_LAR,ALL_INC_P,TCEOA,CNTRY,2018,1.02533335940269,A,0,ALL_INC_P,2
OECD.ENV.EPI:DSD_PA@DF_PROT_AREA(1.0),BMU,A,TERRESTRIAL,PT_LAR,ALL_INC_P,TCEOA,CNTRY,2019,1.02533335940269,A,0,ALL_INC_P,2
OECD.ENV.EPI:DSD_PA@DF_PROT_AREA(1.0),BMU,A,TERRESTRIAL,PT_LAR,ALL_INC_P,TCEOA,CNTRY,2020,1.02533335940269,A,0,ALL_INC_P,2
OECD.ENV.EPI:DSD_PA@DF_PROT_AREA(1.0),BMU,A,TERRESTRIAL,PT_LAR,ALL_INC_P,TCEOA,CNTRY,2021,1.02533335940269,A,0,ALL_INC_P,2
OECD.ENV.EPI:DSD_PA@DF_PROT_AREA(1.0),BMU,A,TERRESTRIAL,PT_LAR,ALL_INC_P,TCEOA,CNTRY,2022,1.02533335940269,A,0,ALL_INC_P,2
OECD.ENV.EPI:DSD_PA@DF_PROT_AREA(1.0),SWE,A,TERRESTRIAL,PT_LAR,ALL_INC_P,TCEOA,CNTRY,2018,14.9788235795431,A,0,ALL_INC_P,2
OECD.ENV.EPI:DSD_PA@DF_PROT_AREA(1.0),SWE,A,TERRESTRIAL,PT_LAR,ALL_INC_P,TCEOA,CNTRY,2019,15.0851190610183,A,0,ALL_INC_P,2
OECD.ENV.EPI:DSD_PA@DF_PROT_AREA(1.0),SWE,A,TERRESTRIAL,PT_LAR,ALL_INC_P,TCEOA,CNTRY,2020,15.1432459058882,A,0,ALL_INC_P,2
OECD.ENV.EPI:DSD_PA@DF_PROT_AREA(1.0),SWE,A,TERRESTRIAL,PT_LAR,ALL_INC_P,TCEOA,CNTRY,2021,15.2668843343409,A,0,ALL_INC_P,2
OECD.ENV.EPI:DSD_PA@DF_PROT_AREA(1.0),SWE,A,TERRESTRIAL,PT_LAR,ALL_INC_P,TCEOA,CNTRY,2022,15.2801432970302,A,0,ALL_INC_P,2
OECD.ENV.EPI:DSD_PA@DF_PROT_AREA(1.0),VNM,A,TERRESTRIAL,PT_LAR,ALL_INC_P,TCEOA,CNTRY,2018,7.4353146989818,A,0,ALL_INC_P,2
OECD.ENV.EPI:DSD_PA@DF_PROT_AREA(1.0),VNM,A,TERRESTRIAL,PT_LAR,ALL_INC_P,TCEOA,CNTRY,2019,7.4353146989818,A,0,ALL_INC_P,2
OECD.ENV.EPI:DSD_PA@DF_PROT_AREA(1.0),VNM,A,TERRESTRIAL,PT_LAR,ALL_INC_P,TCEOA,CNTRY,2020,7.4353146989818,A,0,ALL_INC_P,2
OECD.ENV.EPI:DSD_PA@DF_PROT_AREA(1.0),VNM,A,TERRESTRIAL,PT_LAR,ALL_INC_P,TCEOA,CNTRY,2021,7.4353146989818,A,0,ALL_INC_P,2
OECD.ENV.EPI:DSD_PA@DF_PROT_AREA(1.0),VNM,A,TERRESTRIAL,PT_LAR,ALL_INC_P,TCEOA,CNTRY,2022,7.4353146989818,A,0,ALL_INC_P,2
OECD.ENV.EPI:DSD_PA@DF_PROT_AREA(1.0),THA,A,TERRESTRIAL,PT_LAR,ALL_INC_P,TCEOA,CNTRY,2018,18.4198282446457,A,0,ALL_INC_P,2
OECD.ENV.EPI:DSD_PA@DF_PROT_AREA(1.0),THA,A,TERRESTRIAL,PT_LAR,ALL_INC_P,TCEOA,CNTRY,2019,18.4198282446457,A,0,ALL_INC_P,2
OECD.ENV.EPI:DSD_PA@DF_PROT_AREA(1.0),THA,A,TERRESTRIAL,PT_LAR,ALL_INC_P,TCEOA,CNTRY,2020,18.4198282446457,A,0,ALL_INC_P,2
OECD.ENV.EPI:DSD_PA@DF_PROT_AREA(1.0),THA,A,TERRESTRIAL,PT_LAR,ALL_INC_P,TCEOA,CNTRY,2021,18.4198282446457,A,0,ALL_INC_P,2
OECD.ENV.EPI:DSD_PA@DF_PROT_AREA(1.0),THA,A,TERRESTRIAL,PT_LAR,ALL_INC_P,TCEOA,CNTRY,2022,18.4198282446457,A,0,ALL_INC_P,2
OECD.ENV.EPI:DSD_PA@DF_PROT_AREA(1.0),BHS,A,TERRESTRIAL,PT_LAR,ALL_INC_P,TCEOA,CNTRY,2018,35.3248272224292,A,0,ALL_INC_P,2
OECD.ENV.EPI:DSD_PA@DF_PROT_AREA(1.0),BHS,A,TERRESTRIAL,PT_LAR,ALL_INC_P,TCEOA,CNTRY,2019,35.3248272224292,A,0,ALL_INC_P,2
OECD.ENV.EPI:DSD_PA@DF_PROT_AREA(1.0),BHS,A,TERRESTRIAL,PT_LAR,ALL_INC_P,TCEOA,CNTRY,2020,35.3248272224292,A,0,ALL_INC_P,2
OECD.ENV.EPI:DSD_PA@DF_PROT_AREA(1.0),BHS,A,TERRESTRIAL,PT_LAR,ALL_INC_P,TCEOA,CNTRY,2021,35.3248272224292,A,0,ALL_INC_P,2
OECD.ENV.EPI:DSD_PA@DF_PROT_AREA(1.0),BHS,A,TERRESTRIAL,PT_LAR,ALL_INC_P,TCEOA,CNTRY,2022,35.3248272224292,A,0,ALL_INC_P,2
OECD.ENV.EPI:DSD_PA@DF_PROT_AREA(1.0),HMD,A,TERRESTRIAL,PT_LAR,ALL_INC_P,TCEOA,CNTRY,2018,99.9986460184157,A,0,ALL_INC_P,2
OECD.ENV.EPI:DSD_PA@DF_PROT_AREA(1.0),HMD,A,TERRESTRIAL,PT_LAR,ALL_INC_P,TCEOA,CNTRY,2019,99.9986460184157,A,0,ALL_INC_P,2
OECD.ENV.EPI:DSD_PA@DF_PROT_AREA(1.0),HMD,A,TERRESTRIAL,PT_LAR,ALL_INC_P,TCEOA,CNTRY,2020,99.9986460184157,A,0,ALL_INC_P,2
OECD.ENV.EPI:DSD_PA@DF_PROT_AREA(1.0),HMD,A,TERRESTRIAL,PT_LAR,ALL_INC_P,TCEOA,CNTRY,2021,99.9986460184157,A,0,ALL_INC_P,2
OECD.ENV.EPI:DSD_PA@DF_PROT_AREA(1.0),HMD,A,TERRESTRIAL,PT_LAR,ALL_INC_P,TCEOA,CNTRY,2022,99.9986460184157,A,0,ALL_INC_P,2
OECD.ENV.EPI:DSD_PA@DF_PROT_AREA(1.0),UZB,A,TERRESTRIAL,PT_LAR,ALL_INC_P,TCEOA,CNTRY,2018,5.53083365761671,A,0,ALL_INC_P,2
OECD.ENV.EPI:DSD_PA@DF_PROT_AREA(1.0),UZB,A,TERRESTRIAL,PT_LAR,ALL_INC_P,TCEOA,CNTRY,2019,5.53083365761671,A,0,ALL_INC_P,2
OECD.ENV.EPI:DSD_PA@DF_PROT_AREA(1.0),UZB,A,TERRESTRIAL,PT_LAR,ALL_INC_P,TCEOA,CNTRY,2020,5.53083365761671,A,0,ALL_INC_P,2
OECD.ENV.EPI:DSD_PA@DF_PROT_AREA(1.0),UZB,A,TERRESTRIAL,PT_LAR,ALL_INC_P,TCEOA,CNTRY,2021,5.53083365761671,A,0,ALL_INC_P,2
OECD.ENV.EPI:DSD_PA@DF_PROT_AREA(1.0),UZB,A,TERRESTRIAL,PT_LAR,ALL_INC_P,TCEOA,CNTRY,2022,5.53083365761671,A,0,ALL_INC_P,2
OECD.ENV.EPI:DSD_PA@DF_PROT_AREA(1.0),AUT,A,TERRESTRIAL,PT_LAR,ALL_INC_P,TCEOA,CNTRY,2018,28.1636743060698,A,0,ALL_INC_P,2
OECD.ENV.EPI:DSD_PA@DF_PROT_AREA(1.0),AUT,A,TERRESTRIAL,PT_LAR,ALL_INC_P,TCEOA,CNTRY,2019,28.8520037474322,A,0,ALL_INC_P,2
OECD.ENV.EPI:DSD_PA@DF_PROT_AREA(1.0),AUT,A,TERRESTRIAL,PT_LAR,ALL_INC_P,TCEOA,CNTRY,2020,29.1304358384814,A,0,ALL_INC_P,2
OECD.ENV.EPI:DSD_PA@DF_PROT_AREA(1.0),AUT,A,TERRESTRIAL,PT_LAR,ALL_INC_P,TCEOA,CNTRY,2021,29.3853174635852,A,0,ALL_INC_P,2
OECD.ENV.EPI:DSD_PA@DF_PROT_AREA(1.0),AUT,A,TERRESTRIAL,PT_LAR,ALL_INC_P,TCEOA,CNTRY,2022,29.3853174635852,A,0,ALL_INC_P,2
OECD.ENV.EPI:DSD_PA@DF_PROT_AREA(1.0),LTU,A,TERRESTRIAL,PT_LAR,ALL_INC_P,TCEOA,CNTRY,2018,16.9072090930614,A,0,ALL_INC_P,2
OECD.ENV.EPI:DSD_PA@DF_PROT_AREA(1.0),LTU,A,TERRESTRIAL,PT_LAR,ALL_INC_P,TCEOA,CNTRY,2019,16.9782705045722,A,0,ALL_INC_P,2
OECD.ENV.EPI:DSD_PA@DF_PROT_AREA(1.0),LTU,A,TERRESTRIAL,PT_LAR,ALL_INC_P,TCEOA,CNTRY,2020,17.0002840940077,A,0,ALL_INC_P,2
OECD.ENV.EPI:DSD_PA@DF_PROT_AREA(1.0),LTU,A,TERRESTRIAL,PT_LAR,ALL_INC_P,TCEOA,CNTRY,2021,17.0002840940077,A,0,ALL_INC_P,2
OECD.ENV.EPI:DSD_PA@DF_PROT_AREA(1.0),LTU,A,TERRESTRIAL,PT_LAR,ALL_INC_P,TCEOA,CNTRY,2022,17.0002840940077,A,0,ALL_INC_P,2
OECD.ENV.EPI:DSD_PA@DF_PROT_AREA(1.0),DEU,A,TERRESTRIAL,PT_LAR,ALL_INC_P,TCEOA,CNTRY,2018,35.9084536547269,A,0,ALL_INC_P,2
OECD.ENV.EPI:DSD_PA@DF_PROT_AREA(1.0),DEU,A,TERRESTRIAL,PT_LAR,ALL_INC_P,TCEOA,CNTRY,2019,36.610177968043,A,0,ALL_INC_P,2
OECD.ENV.EPI:DSD_PA@DF_PROT_AREA(1.0),DEU,A,TERRESTRIAL,PT_LAR,ALL_INC_P,TCEOA,CNTRY,2020,37.4515328851664,A,0,ALL_INC_P,2
OECD.ENV.EPI:DSD_PA@DF_PROT_AREA(1.0),DEU,A,TERRESTRIAL,PT_LAR,ALL_INC_P,TCEOA,CNTRY,2021,37.4515328851664,A,0,ALL_INC_P,2
OECD.ENV.EPI:DSD_PA@DF_PROT_AREA(1.0),DEU,A,TERRESTRIAL,PT_LAR,ALL_INC_P,TCEOA,CNTRY,2022,37.4515328851664,A,0,ALL_INC_P,2
OECD.ENV.EPI:DSD_PA@DF_PROT_AREA(1.0),BLR,A,TERRESTRIAL,PT_LAR,ALL_INC_P,TCEOA,CNTRY,2018,13.7821252549278,A,0,ALL_INC_P,2
OECD.ENV.EPI:DSD_PA@DF_PROT_AREA(1.0),BLR,A,TERRESTRIAL,PT_LAR,ALL_INC_P,TCEOA,CNTRY,2019,13.7821252549278,A,0,ALL_INC_P,2
OECD.ENV.EPI:DSD_PA@DF_PROT_AREA(1.0),BLR,A,TERRESTRIAL,PT_LAR,ALL_INC_P,TCEOA,CNTRY,2020,13.7821252549278,A,0,ALL_INC_P,2
OECD.ENV.EPI:DSD_PA@DF_PROT_AREA(1.0),BLR,A,TERRESTRIAL,PT_LAR,ALL_INC_P,TCEOA,CNTRY,2021,13.7821252549278,A,0,ALL_INC_P,2
OECD.ENV.EPI:DSD_PA@DF_PROT_AREA(1.0),BLR,A,TERRESTRIAL,PT_LAR,ALL_INC_P,TCEOA,CNTRY,2022,13.7821252549278,A,0,ALL_INC_P,2
OECD.ENV.EPI:DSD_PA@DF_PROT_AREA(1.0),CXR,A,TERRESTRIAL,PT_LAR,ALL_INC_P,TCEOA,CNTRY,2018,49.2720920036432,A,0,ALL_INC_P,2
OECD.ENV.EPI:DSD_PA@DF_PROT_AREA(1.0),CXR,A,TERRESTRIAL,PT_LAR,ALL_INC_P,TCEOA,CNTRY,2019,49.2720920036432,A,0,ALL_INC_P,2
OECD.ENV.EPI:DSD_PA@DF_PROT_AREA(1.0),CXR,A,TERRESTRIAL,PT_LAR,ALL_INC_P,TCEOA,CNTRY,2020,49.2720920036432,A,0,ALL_INC_P,2
OECD.ENV.EPI:DSD_PA@DF_PROT_AREA(1.0),CXR,A,TERRESTRIAL,PT_LAR,ALL_INC_P,TCEOA,CNTRY,2021,49.2720920036432,A,0,ALL_INC_P,2
OECD.ENV.EPI:DSD_PA@DF_PROT_AREA(1.0),CXR,A,TERRESTRIAL,PT_LAR,ALL_INC_P,TCEOA,CNTRY,2022,49.2720920036432,A,0,ALL_INC_P,2
OECD.ENV.EPI:DSD_PA@DF_PROT_AREA(1.0),CHL,A,TERRESTRIAL,PT_LAR,ALL_INC_P,TCEOA,CNTRY,2018,16.7399637459203,A,0,ALL_INC_P,2
OECD.ENV.EPI:DSD_PA@DF_PROT_AREA(1.0),CHL,A,TERRESTRIAL,PT_LAR,ALL_INC_P,TCEOA,CNTRY,2019,20.3630173212827,A,0,ALL_INC_P,2
OECD.ENV.EPI:DSD_PA@DF_PROT_AREA(1.0),CHL,A,TERRESTRIAL,PT_LAR,ALL_INC_P,TCEOA,CNTRY,2020,20.3800033338777,A,0,ALL_INC_P,2
OECD.ENV.EPI:DSD_PA@DF_PROT_AREA(1.0),CHL,A,TERRESTRIAL,PT_LAR,ALL_INC_P,TCEOA,CNTRY,2021,20.3838442256146,A,0,ALL_INC_P,2
OECD.ENV.EPI:DSD_PA@DF_PROT_AREA(1.0),CHL,A,TERRESTRIAL,PT_LAR,ALL_INC_P,TCEOA,CNTRY,2022,20.5063885387027,A,0,ALL_INC_P,2
OECD.ENV.EPI:DSD_PA@DF_PROT_AREA(1.0),JEY,A,TERRESTRIAL,PT_LAR,ALL_INC_P,TCEOA,CNTRY,2018,13.8877085345598,A,0,ALL_INC_P,2
OECD.ENV.EPI:DSD_PA@DF_PROT_AREA(1.0),JEY,A,TERRESTRIAL,PT_LAR,ALL_INC_P,TCEOA,CNTRY,2019,13.8877085345598,A,0,ALL_INC_P,2
OECD.ENV.EPI:DSD_PA@DF_PROT_AREA(1.0),JEY,A,TERRESTRIAL,PT_LAR,ALL_INC_P,TCEOA,CNTRY,2020,13.8877085345598,A,0,ALL_INC_P,2
OECD.ENV.EPI:DSD_PA@DF_PROT_AREA(1.0),JEY,A,TERRESTRIAL,PT_LAR,ALL_INC_P,TCEOA,CNTRY,2021,13.8877085345598,A,0,ALL_INC_P,2
OECD.ENV.EPI:DSD_PA@DF_PROT_AREA(1.0),JEY,A,TERRESTRIAL,PT_LAR,ALL_INC_P,TCEOA,CNTRY,2022,13.8877085345598,A,0,ALL_INC_P,2
OECD.ENV.EPI:DSD_PA@DF_PROT_AREA(1.0),OECDSO,A,TERRESTRIAL,PT_LAR,ALL_INC_P,TCEOA,CNTRY,2018,20.1006221314775,A,0,ALL_INC_P,2
OECD.ENV.EPI:DSD_PA@DF_PROT_AREA(1.0),OECDSO,A,TERRESTRIAL,PT_LAR,ALL_INC_P,TCEOA,CNTRY,2019,20.1903561964305,A,0,ALL_INC_P,2
OECD.ENV.EPI:DSD_PA@DF_PROT_AREA(1.0),OECDSO,A,TERRESTRIAL,PT_LAR,ALL_INC_P,TCEOA,CNTRY,2020,21.1634336346952,A,0,ALL_INC_P,2
OECD.ENV.EPI:DSD_PA@DF_PROT_AREA(1.0),OECDSO,A,TERRESTRIAL,PT_LAR,ALL_INC_P,TCEOA,CNTRY,2021,21.1646332328044,A,0,ALL_INC_P,2
OECD.ENV.EPI:DSD_PA@DF_PROT_AREA(1.0),OECDSO,A,TERRESTRIAL,PT_LAR,ALL_INC_P,TCEOA,CNTRY,2022,21.1646332328044,A,0,ALL_INC_P,2
OECD.ENV.EPI:DSD_PA@DF_PROT_AREA(1.0),DMA,A,TERRESTRIAL,PT_LAR,ALL_INC_P,TCEOA,CNTRY,2018,21.8807674515847,A,0,ALL_INC_P,2
OECD.ENV.EPI:DSD_PA@DF_PROT_AREA(1.0),DMA,A,TERRESTRIAL,PT_LAR,ALL_INC_P,TCEOA,CNTRY,2019,21.8807674515847,A,0,ALL_INC_P,2
OECD.ENV.EPI:DSD_PA@DF_PROT_AREA(1.0),DMA,A,TERRESTRIAL,PT_LAR,ALL_INC_P,TCEOA,CNTRY,2020,21.8807674515847,A,0,ALL_INC_P,2
OECD.ENV.EPI:DSD_PA@DF_PROT_AREA(1.0),DMA,A,TERRESTRIAL,PT_LAR,ALL_INC_P,TCEOA,CNTRY,2021,21.8807674515847,A,0,ALL_INC_P,2
OECD.ENV.EPI:DSD_PA@DF_PROT_AREA(1.0),DMA,A,TERRESTRIAL,PT_LAR,ALL_INC_P,TCEOA,CNTRY,2022,21.8807674515847,A,0,ALL_INC_P,2
OECD.ENV.EPI:DSD_PA@DF_PROT_AREA(1.0),PER,A,TERRESTRIAL,PT_LAR,ALL_INC_P,TCEOA,CNTRY,2018,21.9883345079732,A,0,ALL_INC_P,2
OECD.ENV.EPI:DSD_PA@DF_PROT_AREA(1.0),PER,A,TERRESTRIAL,PT_LAR,ALL_INC_P,TCEOA,CNTRY,2019,22.1132389343957,A,0,ALL_INC_P,2
OECD.ENV.EPI:DSD_PA@DF_PROT_AREA(1.0),PER,A,TERRESTRIAL,PT_LAR,ALL_INC_P,TCEOA,CNTRY,2020,22.116624608052,A,0,ALL_INC_P,2
OECD.ENV.EPI:DSD_PA@DF_PROT_AREA(1.0),PER,A,TERRESTRIAL,PT_LAR,ALL_INC_P,TCEOA,CNTRY,2021,22.4219315773653,A,0,ALL_INC_P,2
OECD.ENV.EPI:DSD_PA@DF_PROT_AREA(1.0),PER,A,TERRESTRIAL,PT_LAR,ALL_INC_P,TCEOA,CNTRY,2022,22.429684000567,A,0,ALL_INC_P,2
OECD.ENV.EPI:DSD_PA@DF_PROT_AREA(1.0),REU,A,TERRESTRIAL,PT_LAR,ALL_INC_P,TCEOA,CNTRY,2018,63.8695332984787,A,0,ALL_INC_P,2
OECD.ENV.EPI:DSD_PA@DF_PROT_AREA(1.0),REU,A,TERRESTRIAL,PT_LAR,ALL_INC_P,TCEOA,CNTRY,2019,63.8794648073106,A,0,ALL_INC_P,2
OECD.ENV.EPI:DSD_PA@DF_PROT_AREA(1.0),REU,A,TERRESTRIAL,PT_LAR,ALL_INC_P,TCEOA,CNTRY,2020,63.9589168779665,A,0,ALL_INC_P,2
OECD.ENV.EPI:DSD_PA@DF_PROT_AREA(1.0),REU,A,TERRESTRIAL,PT_LAR,ALL_INC_P,TCEOA,CNTRY,2021,63.9589168779665,A,0,ALL_INC_P,2
OECD.ENV.EPI:DSD_PA@DF_PROT_AREA(1.0),REU,A,TERRESTRIAL,PT_LAR,ALL_INC_P,TCEOA,CNTRY,2022,63.9589168779665,A,0,ALL_INC_P,2
OECD.ENV.EPI:DSD_PA@DF_PROT_AREA(1.0),GRD,A,TERRESTRIAL,PT_LAR,ALL_INC_P,TCEOA,CNTRY,2018,9.69363310483195,A,0,ALL_INC_P,2
OECD.ENV.EPI:DSD_PA@DF_PROT_AREA(1.0),GRD,A,TERRESTRIAL,PT_LAR,ALL_INC_P,TCEOA,CNTRY,2019,9.69363310483195,A,0,ALL_INC_P,2
OECD.ENV.EPI:DSD_PA@DF_PROT_AREA(1.0),GRD,A,TERRESTRIAL,PT_LAR,ALL_INC_P,TCEOA,CNTRY,2020,9.69363310483195,A,0,ALL_INC_P,2
OECD.ENV.EPI:DSD_PA@DF_PROT_AREA(1.0),GRD,A,TERRESTRIAL,PT_LAR,ALL_INC_P,TCEOA,CNTRY,2021,9.69363310483195,A,0,ALL_INC_P,2
OECD.ENV.EPI:DSD_PA@DF_PROT_AREA(1.0),GRD,A,TERRESTRIAL,PT_LAR,ALL_INC_P,TCEOA,CNTRY,2022,9.69363310483195,A,0,ALL_INC_P,2
OECD.ENV.EPI:DSD_PA@DF_PROT_AREA(1.0),TKL,A,TERRESTRIAL,PT_LAR,ALL_INC_P,TCEOA,CNTRY,2018,8,A,0,ALL_INC_P,2
OECD.ENV.EPI:DSD_PA@DF_PROT_AREA(1.0),TKL,A,TERRESTRIAL,PT_LAR,ALL_INC_P,TCEOA,CNTRY,2019,8,A,0,ALL_INC_P,2
OECD.ENV.EPI:DSD_PA@DF_PROT_AREA(1.0),TKL,A,TERRESTRIAL,PT_LAR,ALL_INC_P,TCEOA,CNTRY,2020,8,A,0,ALL_INC_P,2
OECD.ENV.EPI:DSD_PA@DF_PROT_AREA(1.0),TKL,A,TERRESTRIAL,PT_LAR,ALL_INC_P,TCEOA,CNTRY,2021,8,A,0,ALL_INC_P,2
OECD.ENV.EPI:DSD_PA@DF_PROT_AREA(1.0),TKL,A,TERRESTRIAL,PT_LAR,ALL_INC_P,TCEOA,CNTRY,2022,8,A,0,ALL_INC_P,2
OECD.ENV.EPI:DSD_PA@DF_PROT_AREA(1.0),UKR,A,TERRESTRIAL,PT_LAR,ALL_INC_P,TCEOA,CNTRY,2018,13.2458444400835,A,0,ALL_INC_P,2
OECD.ENV.EPI:DSD_PA@DF_PROT_AREA(1.0),UKR,A,TERRESTRIAL,PT_LAR,ALL_INC_P,TCEOA,CNTRY,2019,13.2458444400835,A,0,ALL_INC_P,2
OECD.ENV.EPI:DSD_PA@DF_PROT_AREA(1.0),UKR,A,TERRESTRIAL,PT_LAR,ALL_INC_P,TCEOA,CNTRY,2020,13.2458444400835,A,0,ALL_INC_P,2
OECD.ENV.EPI:DSD_PA@DF_PROT_AREA(1.0),UKR,A,TERRESTRIAL,PT_LAR,ALL_INC_P,TCEOA,CNTRY,2021,13.2458444400835,A,0,ALL_INC_P,2
OECD.ENV.EPI:DSD_PA@DF_PROT_AREA(1.0),UKR,A,TERRESTRIAL,PT_LAR,ALL_INC_P,TCEOA,CNTRY,2022,13.2458444400835,A,0,ALL_INC_P,2
OECD.ENV.EPI:DSD_PA@DF_PROT_AREA(1.0),LCA,A,TERRESTRIAL,PT_LAR,ALL_INC_P,TCEOA,CNTRY,2018,18.0521991886054,A,0,ALL_INC_P,2
OECD.ENV.EPI:DSD_PA@DF_PROT_AREA(1.0),LCA,A,TERRESTRIAL,PT_LAR,ALL_INC_P,TCEOA,CNTRY,2019,18.0521991886054,A,0,ALL_INC_P,2
OECD.ENV.EPI:DSD_PA@DF_PROT_AREA(1.0),LCA,A,TERRESTRIAL,PT_LAR,ALL_INC_P,TCEOA,CNTRY,2020,18.0521991886054,A,0,ALL_INC_P,2
OECD.ENV.EPI:DSD_PA@DF_PROT_AREA(1.0),LCA,A,TERRESTRIAL,PT_LAR,ALL_INC_P,TCEOA,CNTRY,2021,18.0521991886054,A,0,ALL_INC_P,2
OECD.ENV.EPI:DSD_PA@DF_PROT_AREA(1.0),LCA,A,TERRESTRIAL,PT_LAR,ALL_INC_P,TCEOA,CNTRY,2022,18.0521991886054,A,0,ALL_INC_P,2
OECD.ENV.EPI:DSD_PA@DF_PROT_AREA(1.0),EST,A,TERRESTRIAL,PT_LAR,ALL_INC_P,TCEOA,CNTRY,2018,19.1795236865247,A,0,ALL_INC_P,2
OECD.ENV.EPI:DSD_PA@DF_PROT_AREA(1.0),EST,A,TERRESTRIAL,PT_LAR,ALL_INC_P,TCEOA,CNTRY,2019,19.8143135295965,A,0,ALL_INC_P,2
OECD.ENV.EPI:DSD_PA@DF_PROT_AREA(1.0),EST,A,TERRESTRIAL,PT_LAR,ALL_INC_P,TCEOA,CNTRY,2020,19.899136975876,A,0,ALL_INC_P,2
OECD.ENV.EPI:DSD_PA@DF_PROT_AREA(1.0),EST,A,TERRESTRIAL,PT_LAR,ALL_INC_P,TCEOA,CNTRY,2021,20.0549238281932,A,0,ALL_INC_P,2
OECD.ENV.EPI:DSD_PA@DF_PROT_AREA(1.0),EST,A,TERRESTRIAL,PT_LAR,ALL_INC_P,TCEOA,CNTRY,2022,20.0549238281932,A,0,ALL_INC_P,2
OECD.ENV.EPI:DSD_PA@DF_PROT_AREA(1.0),MNP,A,TERRESTRIAL,PT_LAR,ALL_INC_P,TCEOA,CNTRY,2018,5.60446225511481,A,0,ALL_INC_P,2
OECD.ENV.EPI:DSD_PA@DF_PROT_AREA(1.0),MNP,A,TERRESTRIAL,PT_LAR,ALL_INC_P,TCEOA,CNTRY,2019,5.60446225511481,A,0,ALL_INC_P,2
OECD.ENV.EPI:DSD_PA@DF_PROT_AREA(1.0),MNP,A,TERRESTRIAL,PT_LAR,ALL_INC_P,TCEOA,CNTRY,2020,5.60446225511481,A,0,ALL_INC_P,2
OECD.ENV.EPI:DSD_PA@DF_PROT_AREA(1.0),MNP,A,TERRESTRIAL,PT_LAR,ALL_INC_P,TCEOA,CNTRY,2021,5.60446225511481,A,0,ALL_INC_P,2
OECD.ENV.EPI:DSD_PA@DF_PROT_AREA(1.0),MNP,A,TERRESTRIAL,PT_LAR,ALL_INC_P,TCEOA,CNTRY,2022,5.60446225511481,A,0,ALL_INC_P,2
OECD.ENV.EPI:DSD_PA@DF_PROT_AREA(1.0),SJM,A,TERRESTRIAL,PT_LAR,ALL_INC_P,TCEOA,CNTRY,2018,4.21484384740999,A,0,ALL_INC_P,2
OECD.ENV.EPI:DSD_PA@DF_PROT_AREA(1.0),SJM,A,TERRESTRIAL,PT_LAR,ALL_INC_P,TCEOA,CNTRY,2019,4.21484384740999,A,0,ALL_INC_P,2
OECD.ENV.EPI:DSD_PA@DF_PROT_AREA(1.0),SJM,A,TERRESTRIAL,PT_LAR,ALL_INC_P,TCEOA,CNTRY,2020,4.21484384740999,A,0,ALL_INC_P,2
OECD.ENV.EPI:DSD_PA@DF_PROT_AREA(1.0),SJM,A,TERRESTRIAL,PT_LAR,ALL_INC_P,TCEOA,CNTRY,2021,4.21484384740999,A,0,ALL_INC_P,2
OECD.ENV.EPI:DSD_PA@DF_PROT_AREA(1.0),SJM,A,TERRESTRIAL,PT_LAR,ALL_INC_P,TCEOA,CNTRY,2022,4.21484384740999,A,0,ALL_INC_P,2
OECD.ENV.EPI:DSD_PA@DF_PROT_AREA(1.0),PYF,A,TERRESTRIAL,PT_LAR,ALL_INC_P,TCEOA,CNTRY,2018,2.39355568397611,A,0,ALL_INC_P,2
OECD.ENV.EPI:DSD_PA@DF_PROT_AREA(1.0),PYF,A,TERRESTRIAL,PT_LAR,ALL_INC_P,TCEOA,CNTRY,2019,2.39355568397611,A,0,ALL_INC_P,2
OECD.ENV.EPI:DSD_PA@DF_PROT_AREA(1.0),PYF,A,TERRESTRIAL,PT_LAR,ALL_INC_P,TCEOA,CNTRY,2020,2.39355568397611,A,0,ALL_INC_P,2
OECD.ENV.EPI:DSD_PA@DF_PROT_AREA(1.0),PYF,A,TERRESTRIAL,PT_LAR,ALL_INC_P,TCEOA,CNTRY,2021,2.39355568397611,A,0,ALL_INC_P,2
OECD.ENV.EPI:DSD_PA@DF_PROT_AREA(1.0),PYF,A,TERRESTRIAL,PT_LAR,ALL_INC_P,TCEOA,CNTRY,2022,2.39355568397611,A,0,ALL_INC_P,2
OECD.ENV.EPI:DSD_PA@DF_PROT_AREA(1.0),HND,A,TERRESTRIAL,PT_LAR,ALL_INC_P,TCEOA,CNTRY,2018,23.2352158037537,A,0,ALL_INC_P,2
OECD.ENV.EPI:DSD_PA@DF_PROT_AREA(1.0),HND,A,TERRESTRIAL,PT_LAR,ALL_INC_P,TCEOA,CNTRY,2019,23.2667177460327,A,0,ALL_INC_P,2
OECD.ENV.EPI:DSD_PA@DF_PROT_AREA(1.0),HND,A,TERRESTRIAL,PT_LAR,ALL_INC_P,TCEOA,CNTRY,2020,23.2667177460327,A,0,ALL_INC_P,2
OECD.ENV.EPI:DSD_PA@DF_PROT_AREA(1.0),HND,A,TERRESTRIAL,PT_LAR,ALL_INC_P,TCEOA,CNTRY,2021,23.2667177460327,A,0,ALL_INC_P,2
OECD.ENV.EPI:DSD_PA@DF_PROT_AREA(1.0),HND,A,TERRESTRIAL,PT_LAR,ALL_INC_P,TCEOA,CNTRY,2022,23.2667177460327,A,0,ALL_INC_P,2
OECD.ENV.EPI:DSD_PA@DF_PROT_AREA(1.0),ISR,A,TERRESTRIAL,PT_LAR,ALL_INC_P,TCEOA,CNTRY,2018,23.6097655610782,A,0,ALL_INC_P,2
OECD.ENV.EPI:DSD_PA@DF_PROT_AREA(1.0),ISR,A,TERRESTRIAL,PT_LAR,ALL_INC_P,TCEOA,CNTRY,2019,23.9007542682735,A,0,ALL_INC_P,2
OECD.ENV.EPI:DSD_PA@DF_PROT_AREA(1.0),ISR,A,TERRESTRIAL,PT_LAR,ALL_INC_P,TCEOA,CNTRY,2020,23.9007542682735,A,0,ALL_INC_P,2
OECD.ENV.EPI:DSD_PA@DF_PROT_AREA(1.0),ISR,A,TERRESTRIAL,PT_LAR,ALL_INC_P,TCEOA,CNTRY,2021,23.9007542682735,A,0,ALL_INC_P,2
OECD.ENV.EPI:DSD_PA@DF_PROT_AREA(1.0),ISR,A,TERRESTRIAL,PT_LAR,ALL_INC_P,TCEOA,CNTRY,2022,23.9007542682735,A,0,ALL_INC_P,2
OECD.ENV.EPI:DSD_PA@DF_PROT_AREA(1.0),IOT,A,TERRESTRIAL,PT_LAR,ALL_INC_P,TCEOA,CNTRY,2018,100.137882662361,A,0,ALL_INC_P,2
OECD.ENV.EPI:DSD_PA@DF_PROT_AREA(1.0),IOT,A,TERRESTRIAL,PT_LAR,ALL_INC_P,TCEOA,CNTRY,2019,100.137882662361,A,0,ALL_INC_P,2
OECD.ENV.EPI:DSD_PA@DF_PROT_AREA(1.0),IOT,A,TERRESTRIAL,PT_LAR,ALL_INC_P,TCEOA,CNTRY,2020,100.137882662361,A,0,ALL_INC_P,2
OECD.ENV.EPI:DSD_PA@DF_PROT_AREA(1.0),IOT,A,TERRESTRIAL,PT_LAR,ALL_INC_P,TCEOA,CNTRY,2021,100.137882662361,A,0,ALL_INC_P,2
OECD.ENV.EPI:DSD_PA@DF_PROT_AREA(1.0),IOT,A,TERRESTRIAL,PT_LAR,ALL_INC_P,TCEOA,CNTRY,2022,100.137882662361,A,0,ALL_INC_P,2
OECD.ENV.EPI:DSD_PA@DF_PROT_AREA(1.0),EU27,A,TERRESTRIAL,PT_LAR,ALL_INC_P,TCEOA,CNTRY,2018,25.0329661798548,A,0,ALL_INC_P,2
OECD.ENV.EPI:DSD_PA@DF_PROT_AREA(1.0),EU27,A,TERRESTRIAL,PT_LAR,ALL_INC_P,TCEOA,CNTRY,2019,25.3462749881246,A,0,ALL_INC_P,2
OECD.ENV.EPI:DSD_PA@DF_PROT_AREA(1.0),EU27,A,TERRESTRIAL,PT_LAR,ALL_INC_P,TCEOA,CNTRY,2020,25.5665384450364,A,0,ALL_INC_P,2
OECD.ENV.EPI:DSD_PA@DF_PROT_AREA(1.0),EU27,A,TERRESTRIAL,PT_LAR,ALL_INC_P,TCEOA,CNTRY,2021,25.6401966883303,A,0,ALL_INC_P,2
OECD.ENV.EPI:DSD_PA@DF_PROT_AREA(1.0),EU27,A,TERRESTRIAL,PT_LAR,ALL_INC_P,TCEOA,CNTRY,2022,25.6419333798314,A,0,ALL_INC_P,2
OECD.ENV.EPI:DSD_PA@DF_PROT_AREA(1.0),NIU,A,TERRESTRIAL,PT_LAR,ALL_INC_P,TCEOA,CNTRY,2018,21.1594067940447,A,0,ALL_INC_P,2
OECD.ENV.EPI:DSD_PA@DF_PROT_AREA(1.0),NIU,A,TERRESTRIAL,PT_LAR,ALL_INC_P,TCEOA,CNTRY,2019,21.1594067940447,A,0,ALL_INC_P,2
OECD.ENV.EPI:DSD_PA@DF_PROT_AREA(1.0),NIU,A,TERRESTRIAL,PT_LAR,ALL_INC_P,TCEOA,CNTRY,2020,21.1594067940447,A,0,ALL_INC_P,2
OECD.ENV.EPI:DSD_PA@DF_PROT_AREA(1.0),NIU,A,TERRESTRIAL,PT_LAR,ALL_INC_P,TCEOA,CNTRY,2021,21.1594067940447,A,0,ALL_INC_P,2
OECD.ENV.EPI:DSD_PA@DF_PROT_AREA(1.0),NIU,A,TERRESTRIAL,PT_LAR,ALL_INC_P,TCEOA,CNTRY,2022,21.1594067940447,A,0,ALL_INC_P,2
OECD.ENV.EPI:DSD_PA@DF_PROT_AREA(1.0),IDN,A,TERRESTRIAL,PT_LAR,ALL_INC_P,TCEOA,CNTRY,2018,12.1437441437171,A,0,ALL_INC_P,2
OECD.ENV.EPI:DSD_PA@DF_PROT_AREA(1.0),IDN,A,TERRESTRIAL,PT_LAR,ALL_INC_P,TCEOA,CNTRY,2019,12.1437441437171,A,0,ALL_INC_P,2
OECD.ENV.EPI:DSD_PA@DF_PROT_AREA(1.0),IDN,A,TERRESTRIAL,PT_LAR,ALL_INC_P,TCEOA,CNTRY,2020,12.1437441437171,A,0,ALL_INC_P,2
OECD.ENV.EPI:DSD_PA@DF_PROT_AREA(1.0),IDN,A,TERRESTRIAL,PT_LAR,ALL_INC_P,TCEOA,CNTRY,2021,12.1437441437171,A,0,ALL_INC_P,2
OECD.ENV.EPI:DSD_PA@DF_PROT_AREA(1.0),IDN,A,TERRESTRIAL,PT_LAR,ALL_INC_P,TCEOA,CNTRY,2022,12.1437441437171,A,0,ALL_INC_P,2
