DATAFLOW,REF_AREA,MEASURE,UNIT_MEASURE,SEX,AGE,TIME_HORIZ,TIME_PERIOD,OBS_VALUE,OBS_STATUS,UNIT_MULT,DECIMALS
OECD.ELS.SAE:DSD_POPULATION@DF_POP_HIST(1.0),CAN,POP,PS,_T,Y_GE65,H,2010,4804015,A,1,0
OECD.ELS.SAE:DSD_POPULATION@DF_POP_HIST(1.0),CAN,POP,PS,_T,Y_GE65,H,2011,4955235,A,1,0
OECD.ELS.SAE:DSD_POPULATION@DF_POP_HIST(1.0),CAN,POP,PS,_T,Y_GE65,H,2012,5154937,A,1,0
OECD.ELS.SAE:DSD_POPULATION@DF_POP_HIST(1.0),CAN,POP,PS,_T,Y_GE65,H,2013,5352983,A,1,0
OECD.ELS.SAE:DSD_POPULATION@DF_POP_HIST(1.0),CAN,POP,PS,_T,Y_GE65,H,2014,5542326,A,1,0
OECD.ELS.SAE:DSD_POPULATION@DF_POP_HIST(1.0),CAN,POP,PS,_T,Y_GE65,H,2015,5722237,A,1,0
OECD.ELS.SAE:DSD_POPULATION@DF_POP_HIST(1.0),CAN,POP,PS,_T,Y_GE65,H,2016,5920968,A,1,0
OECD.ELS.SAE:DSD_POPULATION@DF_POP_HIST(1.0),CAN,POP,PS,_T,Y_GE65,H,2017,6135012,A,1,0
OECD.ELS.SAE:DSD_POPULATION@DF_POP_HIST(1.0),CAN,POP,PS,_T,Y_GE65,H,2018,6355552,A,1,0
OECD.ELS.SAE:DSD_POPULATION@DF_POP_HIST(1.0),CAN,POP,PS,_T,Y_GE65,H,2019,6600010,A,1,0
OECD.ELS.SAE:DSD_POPULATION@DF_POP_HIST(1.0),CAN,POP,PS,_T,Y_GE65,H,2020,6845502,A,1,0
OECD.ELS.SAE:DSD_POPULATION@DF_POP_HIST(1.0),CAN,POP,PS,_T,Y_GE65,H,2021,7081792,A,1,0
OECD.ELS.SAE:DSD_POPULATION@DF_POP_HIST(1.0),CAN,POP,PS,_T,Y70T74,H,2010,1114688,A,1,0
OECD.ELS.SAE:DSD_POPULATION@DF_POP_HIST(1.0),CAN,POP,PS,_T,Y70T74,H,2011,1152882,A,1,0
OECD.ELS.SAE:DSD_POPULATION@DF_POP_HIST(1.0),CAN,POP,PS,_T,Y70T74,H,2012,1194047,A,1,0
OECD.ELS.SAE:DSD_POPULATION@DF_POP_HIST(1.0),CAN,POP,PS,_T,Y70T74,H,2013,1248201,A,1,0
OECD.ELS.SAE:DSD_POPULATION@DF_POP_HIST(1.0),CAN,POP,PS,_T,Y70T74,H,2014,1304022,A,1,0
OECD.ELS.SAE:DSD_POPULATION@DF_POP_HIST(1.0),CAN,POP,PS,_T,Y70T74,H,2015,1357712,A,1,0
OECD.ELS.SAE:DSD_POPULATION@DF_POP_HIST(1.0),CAN,POP,PS,_T,Y70T74,H,2016,1423187,A,1,0
OECD.ELS.SAE:DSD_POPULATION@DF_POP_HIST(1.0),CAN,POP,PS,_T,Y70T74,H,2017,1533338,A,1,0
OECD.ELS.SAE:DSD_POPULATION@DF_POP_HIST(1.0),CAN,POP,PS,_T,Y70T74,H,2018,1625616,A,1,0
OECD.ELS.SAE:DSD_POPULATION@DF_POP_HIST(1.0),CAN,POP,PS,_T,Y70T74,H,2019,1708613,A,1,0
OECD.ELS.SAE:DSD_POPULATION@DF_POP_HIST(1.0),CAN,POP,PS,_T,Y70T74,H,2020,1788124,A,1,0
OECD.ELS.SAE:DSD_POPULATION@DF_POP_HIST(1.0),CAN,POP,PS,_T,Y70T74,H,2021,1853536,A,1,0
OECD.ELS.SAE:DSD_POPULATION@DF_POP_HIST(1.0),CAN,POP,PS,_T,_T,H,2010,34004889,A,1,0
OECD.ELS.SAE:DSD_POPULATION@DF_POP_HIST(1.0),CAN,POP,PS,_T,_T,H,2011,34339328,A,1,0
OECD.ELS.SAE:DSD_POPULATION@DF_POP_HIST(1.0),CAN,POP,PS,_T,_T,H,2012,34714222,A,1,0
OECD.ELS.SAE:DSD_POPULATION@DF_POP_HIST(1.0),CAN,POP,PS,_T,_T,H,2013,35082954,A,1,0
OECD.ELS.SAE:DSD_POPULATION@DF_POP_HIST(1.0),CAN,POP,PS,_T,_T,H,2014,35437435,A,1,0
OECD.ELS.SAE:DSD_POPULATION@DF_POP_HIST(1.0),CAN,POP,PS,_T,_T,H,2015,35702908,A,1,0
OECD.ELS.SAE:DSD_POPULATION@DF_POP_HIST(1.0),CAN,POP,PS,_T,_T,H,2016,36109487,A,1,0
OECD.ELS.SAE:DSD_POPULATION@DF_POP_HIST(1.0),CAN,POP,PS,_T,_T,H,2017,36545236,A,1,0
OECD.ELS.SAE:DSD_POPULATION@DF_POP_HIST(1.0),CAN,POP,PS,_T,_T,H,2018,37065084,A,1,0
OECD.ELS.SAE:DSD_POPULATION@DF_POP_HIST(1.0),CAN,POP,PS,_T,_T,H,2019,37601230,A,1,0
OECD.ELS.SAE:DSD_POPULATION@DF_POP_HIST(1.0),CAN,POP,PS,_T,_T,H,2020,38037204,A,1,0
OECD.ELS.SAE:DSD_POPULATION@DF_POP_HIST(1.0),CAN,POP,PS,_T,_T,H,2021,38246108,A,1,0
OECD.ELS.SAE:DSD_POPULATION@DF_POP_HIST(1.0),CAN,POP,PS,_T,Y15T64,H,2010,23578701,A,1,0
OECD.ELS.SAE:DSD_POPULATION@DF_POP_HIST(1.0),CAN,POP,PS,_T,Y15T64,H,2011,23755272,A,1,0
OECD.ELS.SAE:DSD_POPULATION@DF_POP_HIST(1.0),CAN,POP,PS,_T,Y15T64,H,2012,23898991,A,1,0
OECD.ELS.SAE:DSD_POPULATION@DF_POP_HIST(1.0),CAN,POP,PS,_T,Y15T64,H,2013,24025919,A,1,0
OECD.ELS.SAE:DSD_POPULATION@DF_POP_HIST(1.0),CAN,POP,PS,_T,Y15T64,H,2014,24143101,A,1,0
OECD.ELS.SAE:DSD_POPULATION@DF_POP_HIST(1.0),CAN,POP,PS,_T,Y15T64,H,2015,24186838,A,1,0
OECD.ELS.SAE:DSD_POPULATION@DF_POP_HIST(1.0),CAN,POP,PS,_T,Y15T64,H,2016,24322695,A,1,0
OECD.ELS.SAE:DSD_POPULATION@DF_POP_HIST(1.0),CAN,POP,PS,_T,Y15T64,H,2017,24498141,A,1,0
OECD.ELS.SAE:DSD_POPULATION@DF_POP_HIST(1.0),CAN,POP,PS,_T,Y15T64,H,2018,24743347,A,1,0
OECD.ELS.SAE:DSD_POPULATION@DF_POP_HIST(1.0),CAN,POP,PS,_T,Y15T64,H,2019,24993850,A,1,0
OECD.ELS.SAE:DSD_POPULATION@DF_POP_HIST(1.0),CAN,POP,PS,_T,Y15T64,H,2020,25149969,A,1,0
OECD.ELS.SAE:DSD_POPULATION@DF_POP_HIST(1.0),CAN,POP,PS,_T,Y15T64,H,2021,25146232,A,1,0
OECD.ELS.SAE:DSD_POPULATION@DF_POP_HIST(1.0),CAN,POP,PS,_T,Y25T29,H,2010,2357383,A,1,0
OECD.ELS.SAE:DSD_POPULATION@DF_POP_HIST(1.0),CAN,POP,PS,_T,Y25T29,H,2011,2368297,A,1,0
OECD.ELS.SAE:DSD_POPULATION@DF_POP_HIST(1.0),CAN,POP,PS,_T,Y25T29,H,2012,2383927,A,1,0
OECD.ELS.SAE:DSD_POPULATION@DF_POP_HIST(1.0),CAN,POP,PS,_T,Y25T29,H,2013,2393577,A,1,0
OECD.ELS.SAE:DSD_POPULATION@DF_POP_HIST(1.0),CAN,POP,PS,_T,Y25T29,H,2014,2413496,A,1,0
OECD.ELS.SAE:DSD_POPULATION@DF_POP_HIST(1.0),CAN,POP,PS,_T,Y25T29,H,2015,2429557,A,1,0
OECD.ELS.SAE:DSD_POPULATION@DF_POP_HIST(1.0),CAN,POP,PS,_T,Y25T29,H,2016,2466106,A,1,0
OECD.ELS.SAE:DSD_POPULATION@DF_POP_HIST(1.0),CAN,POP,PS,_T,Y25T29,H,2017,2513657,A,1,0
OECD.ELS.SAE:DSD_POPULATION@DF_POP_HIST(1.0),CAN,POP,PS,_T,Y25T29,H,2018,2575089,A,1,0
OECD.ELS.SAE:DSD_POPULATION@DF_POP_HIST(1.0),CAN,POP,PS,_T,Y25T29,H,2019,2626204,A,1,0
OECD.ELS.SAE:DSD_POPULATION@DF_POP_HIST(1.0),CAN,POP,PS,_T,Y25T29,H,2020,2647713,A,1,0
OECD.ELS.SAE:DSD_POPULATION@DF_POP_HIST(1.0),CAN,POP,PS,_T,Y25T29,H,2021,2640110,A,1,0
OECD.ELS.SAE:DSD_POPULATION@DF_POP_HIST(1.0),CAN,POP,PS,_T,Y20T24,H,2010,2321972,A,1,0
OECD.ELS.SAE:DSD_POPULATION@DF_POP_HIST(1.0),CAN,POP,PS,_T,Y20T24,H,2011,2352455,A,1,0
OECD.ELS.SAE:DSD_POPULATION@DF_POP_HIST(1.0),CAN,POP,PS,_T,Y20T24,H,2012,2389961,A,1,0
OECD.ELS.SAE:DSD_POPULATION@DF_POP_HIST(1.0),CAN,POP,PS,_T,Y20T24,H,2013,2416433,A,1,0
OECD.ELS.SAE:DSD_POPULATION@DF_POP_HIST(1.0),CAN,POP,PS,_T,Y20T24,H,2014,2423034,A,1,0
OECD.ELS.SAE:DSD_POPULATION@DF_POP_HIST(1.0),CAN,POP,PS,_T,Y20T24,H,2015,2395623,A,1,0
OECD.ELS.SAE:DSD_POPULATION@DF_POP_HIST(1.0),CAN,POP,PS,_T,Y20T24,H,2016,2387191,A,1,0
OECD.ELS.SAE:DSD_POPULATION@DF_POP_HIST(1.0),CAN,POP,PS,_T,Y20T24,H,2017,2401419,A,1,0
OECD.ELS.SAE:DSD_POPULATION@DF_POP_HIST(1.0),CAN,POP,PS,_T,Y20T24,H,2018,2436459,A,1,0
OECD.ELS.SAE:DSD_POPULATION@DF_POP_HIST(1.0),CAN,POP,PS,_T,Y20T24,H,2019,2475503,A,1,0
OECD.ELS.SAE:DSD_POPULATION@DF_POP_HIST(1.0),CAN,POP,PS,_T,Y20T24,H,2020,2484313,A,1,0
OECD.ELS.SAE:DSD_POPULATION@DF_POP_HIST(1.0),CAN,POP,PS,_T,Y20T24,H,2021,2452701,A,1,0
OECD.ELS.SAE:DSD_POPULATION@DF_POP_HIST(1.0),CAN,POP,PS,_T,Y5T9,H,2010,1791169,A,1,0
OECD.ELS.SAE:DSD_POPULATION@DF_POP_HIST(1.0),CAN,POP,PS,_T,Y5T9,H,2011,1810914,A,1,0
OECD.ELS.SAE:DSD_POPULATION@DF_POP_HIST(1.0),CAN,POP,PS,_T,Y5T9,H,2012,1847505,A,1,0
OECD.ELS.SAE:DSD_POPULATION@DF_POP_HIST(1.0),CAN,POP,PS,_T,Y5T9,H,2013,1892730,A,1,0
OECD.ELS.SAE:DSD_POPULATION@DF_POP_HIST(1.0),CAN,POP,PS,_T,Y5T9,H,2014,1931039,A,1,0
OECD.ELS.SAE:DSD_POPULATION@DF_POP_HIST(1.0),CAN,POP,PS,_T,Y5T9,H,2015,1969492,A,1,0
OECD.ELS.SAE:DSD_POPULATION@DF_POP_HIST(1.0),CAN,POP,PS,_T,Y5T9,H,2016,2003223,A,1,0
OECD.ELS.SAE:DSD_POPULATION@DF_POP_HIST(1.0),CAN,POP,PS,_T,Y5T9,H,2017,2021564,A,1,0
OECD.ELS.SAE:DSD_POPULATION@DF_POP_HIST(1.0),CAN,POP,PS,_T,Y5T9,H,2018,2033313,A,1,0
OECD.ELS.SAE:DSD_POPULATION@DF_POP_HIST(1.0),CAN,POP,PS,_T,Y5T9,H,2019,2041278,A,1,0
OECD.ELS.SAE:DSD_POPULATION@DF_POP_HIST(1.0),CAN,POP,PS,_T,Y5T9,H,2020,2047366,A,1,0
OECD.ELS.SAE:DSD_POPULATION@DF_POP_HIST(1.0),CAN,POP,PS,_T,Y5T9,H,2021,2044237,A,1,0
OECD.ELS.SAE:DSD_POPULATION@DF_POP_HIST(1.0),CAN,POP,PS,_T,Y50T54,H,2010,2634392,A,1,0
OECD.ELS.SAE:DSD_POPULATION@DF_POP_HIST(1.0),CAN,POP,PS,_T,Y50T54,H,2011,2691049,A,1,0
OECD.ELS.SAE:DSD_POPULATION@DF_POP_HIST(1.0),CAN,POP,PS,_T,Y50T54,H,2012,2726209,A,1,0
OECD.ELS.SAE:DSD_POPULATION@DF_POP_HIST(1.0),CAN,POP,PS,_T,Y50T54,H,2013,2760814,A,1,0
OECD.ELS.SAE:DSD_POPULATION@DF_POP_HIST(1.0),CAN,POP,PS,_T,Y50T54,H,2014,2786582,A,1,0
OECD.ELS.SAE:DSD_POPULATION@DF_POP_HIST(1.0),CAN,POP,PS,_T,Y50T54,H,2015,2783350,A,1,0
OECD.ELS.SAE:DSD_POPULATION@DF_POP_HIST(1.0),CAN,POP,PS,_T,Y50T54,H,2016,2734564,A,1,0
OECD.ELS.SAE:DSD_POPULATION@DF_POP_HIST(1.0),CAN,POP,PS,_T,Y50T54,H,2017,2664892,A,1,0
OECD.ELS.SAE:DSD_POPULATION@DF_POP_HIST(1.0),CAN,POP,PS,_T,Y50T54,H,2018,2580128,A,1,0
OECD.ELS.SAE:DSD_POPULATION@DF_POP_HIST(1.0),CAN,POP,PS,_T,Y50T54,H,2019,2505044,A,1,0
OECD.ELS.SAE:DSD_POPULATION@DF_POP_HIST(1.0),CAN,POP,PS,_T,Y50T54,H,2020,2452279,A,1,0
OECD.ELS.SAE:DSD_POPULATION@DF_POP_HIST(1.0),CAN,POP,PS,_T,Y50T54,H,2021,2430334,A,1,0
OECD.ELS.SAE:DSD_POPULATION@DF_POP_HIST(1.0),CAN,POP,PS,_T,Y80T84,H,2010,685077,A,1,0
OECD.ELS.SAE:DSD_POPULATION@DF_POP_HIST(1.0),CAN,POP,PS,_T,Y80T84,H,2011,700727,A,1,0
OECD.ELS.SAE:DSD_POPULATION@DF_POP_HIST(1.0),CAN,POP,PS,_T,Y80T84,H,2012,714387,A,1,0
OECD.ELS.SAE:DSD_POPULATION@DF_POP_HIST(1.0),CAN,POP,PS,_T,Y80T84,H,2013,723748,A,1,0
OECD.ELS.SAE:DSD_POPULATION@DF_POP_HIST(1.0),CAN,POP,PS,_T,Y80T84,H,2014,730784,A,1,0
OECD.ELS.SAE:DSD_POPULATION@DF_POP_HIST(1.0),CAN,POP,PS,_T,Y80T84,H,2015,735007,A,1,0
OECD.ELS.SAE:DSD_POPULATION@DF_POP_HIST(1.0),CAN,POP,PS,_T,Y80T84,H,2016,742579,A,1,0
OECD.ELS.SAE:DSD_POPULATION@DF_POP_HIST(1.0),CAN,POP,PS,_T,Y80T84,H,2017,751641,A,1,0
OECD.ELS.SAE:DSD_POPULATION@DF_POP_HIST(1.0),CAN,POP,PS,_T,Y80T84,H,2018,766499,A,1,0
OECD.ELS.SAE:DSD_POPULATION@DF_POP_HIST(1.0),CAN,POP,PS,_T,Y80T84,H,2019,789039,A,1,0
OECD.ELS.SAE:DSD_POPULATION@DF_POP_HIST(1.0),CAN,POP,PS,_T,Y80T84,H,2020,812613,A,1,0
OECD.ELS.SAE:DSD_POPULATION@DF_POP_HIST(1.0),CAN,POP,PS,_T,Y80T84,H,2021,842288,A,1,0
OECD.ELS.SAE:DSD_POPULATION@DF_POP_HIST(1.0),CAN,POP,PS,_T,Y55T59,H,2010,2286060,A,1,0
OECD.ELS.SAE:DSD_POPULATION@DF_POP_HIST(1.0),CAN,POP,PS,_T,Y55T59,H,2011,2352899,A,1,0
OECD.ELS.SAE:DSD_POPULATION@DF_POP_HIST(1.0),CAN,POP,PS,_T,Y55T59,H,2012,2431791,A,1,0
OECD.ELS.SAE:DSD_POPULATION@DF_POP_HIST(1.0),CAN,POP,PS,_T,Y55T59,H,2013,2508170,A,1,0
OECD.ELS.SAE:DSD_POPULATION@DF_POP_HIST(1.0),CAN,POP,PS,_T,Y55T59,H,2014,2566359,A,1,0
OECD.ELS.SAE:DSD_POPULATION@DF_POP_HIST(1.0),CAN,POP,PS,_T,Y55T59,H,2015,2614668,A,1,0
OECD.ELS.SAE:DSD_POPULATION@DF_POP_HIST(1.0),CAN,POP,PS,_T,Y55T59,H,2016,2665850,A,1,0
OECD.ELS.SAE:DSD_POPULATION@DF_POP_HIST(1.0),CAN,POP,PS,_T,Y55T59,H,2017,2696684,A,1,0
OECD.ELS.SAE:DSD_POPULATION@DF_POP_HIST(1.0),CAN,POP,PS,_T,Y55T59,H,2018,2728010,A,1,0
OECD.ELS.SAE:DSD_POPULATION@DF_POP_HIST(1.0),CAN,POP,PS,_T,Y55T59,H,2019,2751672,A,1,0
OECD.ELS.SAE:DSD_POPULATION@DF_POP_HIST(1.0),CAN,POP,PS,_T,Y55T59,H,2020,2746773,A,1,0
OECD.ELS.SAE:DSD_POPULATION@DF_POP_HIST(1.0),CAN,POP,PS,_T,Y55T59,H,2021,2700181,A,1,0
OECD.ELS.SAE:DSD_POPULATION@DF_POP_HIST(1.0),CAN,POP,PS,_T,Y65T69,H,2010,1464326,A,1,0
OECD.ELS.SAE:DSD_POPULATION@DF_POP_HIST(1.0),CAN,POP,PS,_T,Y65T69,H,2011,1531965,A,1,0
OECD.ELS.SAE:DSD_POPULATION@DF_POP_HIST(1.0),CAN,POP,PS,_T,Y65T69,H,2012,1644577,A,1,0
OECD.ELS.SAE:DSD_POPULATION@DF_POP_HIST(1.0),CAN,POP,PS,_T,Y65T69,H,2013,1741051,A,1,0
OECD.ELS.SAE:DSD_POPULATION@DF_POP_HIST(1.0),CAN,POP,PS,_T,Y65T69,H,2014,1822528,A,1,0
OECD.ELS.SAE:DSD_POPULATION@DF_POP_HIST(1.0),CAN,POP,PS,_T,Y65T69,H,2015,1903004,A,1,0
OECD.ELS.SAE:DSD_POPULATION@DF_POP_HIST(1.0),CAN,POP,PS,_T,Y65T69,H,2016,1969181,A,1,0
OECD.ELS.SAE:DSD_POPULATION@DF_POP_HIST(1.0),CAN,POP,PS,_T,Y65T69,H,2017,1996039,A,1,0
OECD.ELS.SAE:DSD_POPULATION@DF_POP_HIST(1.0),CAN,POP,PS,_T,Y65T69,H,2018,2036232,A,1,0
OECD.ELS.SAE:DSD_POPULATION@DF_POP_HIST(1.0),CAN,POP,PS,_T,Y65T69,H,2019,2098142,A,1,0
OECD.ELS.SAE:DSD_POPULATION@DF_POP_HIST(1.0),CAN,POP,PS,_T,Y65T69,H,2020,2168710,A,1,0
OECD.ELS.SAE:DSD_POPULATION@DF_POP_HIST(1.0),CAN,POP,PS,_T,Y65T69,H,2021,2233993,A,1,0
OECD.ELS.SAE:DSD_POPULATION@DF_POP_HIST(1.0),CAN,POP,PS,_T,Y10T14,H,2010,1959099,A,1,0
OECD.ELS.SAE:DSD_POPULATION@DF_POP_HIST(1.0),CAN,POP,PS,_T,Y10T14,H,2011,1918095,A,1,0
OECD.ELS.SAE:DSD_POPULATION@DF_POP_HIST(1.0),CAN,POP,PS,_T,Y10T14,H,2012,1895451,A,1,0
OECD.ELS.SAE:DSD_POPULATION@DF_POP_HIST(1.0),CAN,POP,PS,_T,Y10T14,H,2013,1886668,A,1,0
OECD.ELS.SAE:DSD_POPULATION@DF_POP_HIST(1.0),CAN,POP,PS,_T,Y10T14,H,2014,1893264,A,1,0
OECD.ELS.SAE:DSD_POPULATION@DF_POP_HIST(1.0),CAN,POP,PS,_T,Y10T14,H,2015,1895463,A,1,0
OECD.ELS.SAE:DSD_POPULATION@DF_POP_HIST(1.0),CAN,POP,PS,_T,Y10T14,H,2016,1919810,A,1,0
OECD.ELS.SAE:DSD_POPULATION@DF_POP_HIST(1.0),CAN,POP,PS,_T,Y10T14,H,2017,1948681,A,1,0
OECD.ELS.SAE:DSD_POPULATION@DF_POP_HIST(1.0),CAN,POP,PS,_T,Y10T14,H,2018,1992389,A,1,0
OECD.ELS.SAE:DSD_POPULATION@DF_POP_HIST(1.0),CAN,POP,PS,_T,Y10T14,H,2019,2033308,A,1,0
OECD.ELS.SAE:DSD_POPULATION@DF_POP_HIST(1.0),CAN,POP,PS,_T,Y10T14,H,2020,2074540,A,1,0
OECD.ELS.SAE:DSD_POPULATION@DF_POP_HIST(1.0),CAN,POP,PS,_T,Y10T14,H,2021,2091276,A,1,0
OECD.ELS.SAE:DSD_POPULATION@DF_POP_HIST(1.0),CAN,POP,PS,_T,Y45T49,H,2010,2780175,A,1,0
OECD.ELS.SAE:DSD_POPULATION@DF_POP_HIST(1.0),CAN,POP,PS,_T,Y45T49,H,2011,2719980,A,1,0
OECD.ELS.SAE:DSD_POPULATION@DF_POP_HIST(1.0),CAN,POP,PS,_T,Y45T49,H,2012,2657781,A,1,0
OECD.ELS.SAE:DSD_POPULATION@DF_POP_HIST(1.0),CAN,POP,PS,_T,Y45T49,H,2013,2577529,A,1,0
OECD.ELS.SAE:DSD_POPULATION@DF_POP_HIST(1.0),CAN,POP,PS,_T,Y45T49,H,2014,2503611,A,1,0
OECD.ELS.SAE:DSD_POPULATION@DF_POP_HIST(1.0),CAN,POP,PS,_T,Y45T49,H,2015,2445816,A,1,0
OECD.ELS.SAE:DSD_POPULATION@DF_POP_HIST(1.0),CAN,POP,PS,_T,Y45T49,H,2016,2431118,A,1,0
OECD.ELS.SAE:DSD_POPULATION@DF_POP_HIST(1.0),CAN,POP,PS,_T,Y45T49,H,2017,2418092,A,1,0
OECD.ELS.SAE:DSD_POPULATION@DF_POP_HIST(1.0),CAN,POP,PS,_T,Y45T49,H,2018,2407566,A,1,0
OECD.ELS.SAE:DSD_POPULATION@DF_POP_HIST(1.0),CAN,POP,PS,_T,Y45T49,H,2019,2398378,A,1,0
OECD.ELS.SAE:DSD_POPULATION@DF_POP_HIST(1.0),CAN,POP,PS,_T,Y45T49,H,2020,2392365,A,1,0
OECD.ELS.SAE:DSD_POPULATION@DF_POP_HIST(1.0),CAN,POP,PS,_T,Y45T49,H,2021,2384473,A,1,0
OECD.ELS.SAE:DSD_POPULATION@DF_POP_HIST(1.0),CAN,POP,PS,_T,Y20T64,H,2010,21329825,A,1,0
OECD.ELS.SAE:DSD_POPULATION@DF_POP_HIST(1.0),CAN,POP,PS,_T,Y20T64,H,2011,21519075,A,1,0
OECD.ELS.SAE:DSD_POPULATION@DF_POP_HIST(1.0),CAN,POP,PS,_T,Y20T64,H,2012,21701350,A,1,0
OECD.ELS.SAE:DSD_POPULATION@DF_POP_HIST(1.0),CAN,POP,PS,_T,Y20T64,H,2013,21871046,A,1,0
OECD.ELS.SAE:DSD_POPULATION@DF_POP_HIST(1.0),CAN,POP,PS,_T,Y20T64,H,2014,22024212,A,1,0
OECD.ELS.SAE:DSD_POPULATION@DF_POP_HIST(1.0),CAN,POP,PS,_T,Y20T64,H,2015,22093877,A,1,0
OECD.ELS.SAE:DSD_POPULATION@DF_POP_HIST(1.0),CAN,POP,PS,_T,Y20T64,H,2016,22238852,A,1,0
OECD.ELS.SAE:DSD_POPULATION@DF_POP_HIST(1.0),CAN,POP,PS,_T,Y20T64,H,2017,22407543,A,1,0
OECD.ELS.SAE:DSD_POPULATION@DF_POP_HIST(1.0),CAN,POP,PS,_T,Y20T64,H,2018,22636952,A,1,0
OECD.ELS.SAE:DSD_POPULATION@DF_POP_HIST(1.0),CAN,POP,PS,_T,Y20T64,H,2019,22879200,A,1,0
OECD.ELS.SAE:DSD_POPULATION@DF_POP_HIST(1.0),CAN,POP,PS,_T,Y20T64,H,2020,23047567,A,1,0
OECD.ELS.SAE:DSD_POPULATION@DF_POP_HIST(1.0),CAN,POP,PS,_T,Y20T64,H,2021,23088783,A,1,0
OECD.ELS.SAE:DSD_POPULATION@DF_POP_HIST(1.0),CAN,POP,PS,_T,Y_GE50,H,2010,11705712,A,1,0
OECD.ELS.SAE:DSD_POPULATION@DF_POP_HIST(1.0),CAN,POP,PS,_T,Y_GE50,H,2011,12049116,A,1,0
OECD.ELS.SAE:DSD_POPULATION@DF_POP_HIST(1.0),CAN,POP,PS,_T,Y_GE50,H,2012,12383075,A,1,0
OECD.ELS.SAE:DSD_POPULATION@DF_POP_HIST(1.0),CAN,POP,PS,_T,Y_GE50,H,2013,12732639,A,1,0
OECD.ELS.SAE:DSD_POPULATION@DF_POP_HIST(1.0),CAN,POP,PS,_T,Y_GE50,H,2014,13066876,A,1,0
OECD.ELS.SAE:DSD_POPULATION@DF_POP_HIST(1.0),CAN,POP,PS,_T,Y_GE50,H,2015,13363466,A,1,0
OECD.ELS.SAE:DSD_POPULATION@DF_POP_HIST(1.0),CAN,POP,PS,_T,Y_GE50,H,2016,13634542,A,1,0
OECD.ELS.SAE:DSD_POPULATION@DF_POP_HIST(1.0),CAN,POP,PS,_T,Y_GE50,H,2017,13884644,A,1,0
OECD.ELS.SAE:DSD_POPULATION@DF_POP_HIST(1.0),CAN,POP,PS,_T,Y_GE50,H,2018,14121176,A,1,0
OECD.ELS.SAE:DSD_POPULATION@DF_POP_HIST(1.0),CAN,POP,PS,_T,Y_GE50,H,2019,14370796,A,1,0
OECD.ELS.SAE:DSD_POPULATION@DF_POP_HIST(1.0),CAN,POP,PS,_T,Y_GE50,H,2020,14606231,A,1,0
OECD.ELS.SAE:DSD_POPULATION@DF_POP_HIST(1.0),CAN,POP,PS,_T,Y_GE50,H,2021,14819192,A,1,0
OECD.ELS.SAE:DSD_POPULATION@DF_POP_HIST(1.0),CAN,POP,PS,_T,Y30T34,H,2010,2283236,A,1,0
OECD.ELS.SAE:DSD_POPULATION@DF_POP_HIST(1.0),CAN,POP,PS,_T,Y30T34,H,2011,2326256,A,1,0
OECD.ELS.SAE:DSD_POPULATION@DF_POP_HIST(1.0),CAN,POP,PS,_T,Y30T34,H,2012,2368073,A,1,0
OECD.ELS.SAE:DSD_POPULATION@DF_POP_HIST(1.0),CAN,POP,PS,_T,Y30T34,H,2013,2411649,A,1,0
OECD.ELS.SAE:DSD_POPULATION@DF_POP_HIST(1.0),CAN,POP,PS,_T,Y30T34,H,2014,2447837,A,1,0
OECD.ELS.SAE:DSD_POPULATION@DF_POP_HIST(1.0),CAN,POP,PS,_T,Y30T34,H,2015,2460501,A,1,0
OECD.ELS.SAE:DSD_POPULATION@DF_POP_HIST(1.0),CAN,POP,PS,_T,Y30T34,H,2016,2488660,A,1,0
OECD.ELS.SAE:DSD_POPULATION@DF_POP_HIST(1.0),CAN,POP,PS,_T,Y30T34,H,2017,2515087,A,1,0
OECD.ELS.SAE:DSD_POPULATION@DF_POP_HIST(1.0),CAN,POP,PS,_T,Y30T34,H,2018,2553299,A,1,0
OECD.ELS.SAE:DSD_POPULATION@DF_POP_HIST(1.0),CAN,POP,PS,_T,Y30T34,H,2019,2605394,A,1,0
OECD.ELS.SAE:DSD_POPULATION@DF_POP_HIST(1.0),CAN,POP,PS,_T,Y30T34,H,2020,2664486,A,1,0
OECD.ELS.SAE:DSD_POPULATION@DF_POP_HIST(1.0),CAN,POP,PS,_T,Y30T34,H,2021,2697788,A,1,0
OECD.ELS.SAE:DSD_POPULATION@DF_POP_HIST(1.0),CAN,POP,PS,_T,Y40T44,H,2010,2403059,A,1,0
OECD.ELS.SAE:DSD_POPULATION@DF_POP_HIST(1.0),CAN,POP,PS,_T,Y40T44,H,2011,2385781,A,1,0
OECD.ELS.SAE:DSD_POPULATION@DF_POP_HIST(1.0),CAN,POP,PS,_T,Y40T44,H,2012,2381473,A,1,0
OECD.ELS.SAE:DSD_POPULATION@DF_POP_HIST(1.0),CAN,POP,PS,_T,Y40T44,H,2013,2374735,A,1,0
OECD.ELS.SAE:DSD_POPULATION@DF_POP_HIST(1.0),CAN,POP,PS,_T,Y40T44,H,2014,2362412,A,1,0
OECD.ELS.SAE:DSD_POPULATION@DF_POP_HIST(1.0),CAN,POP,PS,_T,Y40T44,H,2015,2349922,A,1,0
OECD.ELS.SAE:DSD_POPULATION@DF_POP_HIST(1.0),CAN,POP,PS,_T,Y40T44,H,2016,2342178,A,1,0
OECD.ELS.SAE:DSD_POPULATION@DF_POP_HIST(1.0),CAN,POP,PS,_T,Y40T44,H,2017,2353730,A,1,0
OECD.ELS.SAE:DSD_POPULATION@DF_POP_HIST(1.0),CAN,POP,PS,_T,Y40T44,H,2018,2381576,A,1,0
OECD.ELS.SAE:DSD_POPULATION@DF_POP_HIST(1.0),CAN,POP,PS,_T,Y40T44,H,2019,2421889,A,1,0
OECD.ELS.SAE:DSD_POPULATION@DF_POP_HIST(1.0),CAN,POP,PS,_T,Y40T44,H,2020,2465574,A,1,0
OECD.ELS.SAE:DSD_POPULATION@DF_POP_HIST(1.0),CAN,POP,PS,_T,Y40T44,H,2021,2509664,A,1,0
OECD.ELS.SAE:DSD_POPULATION@DF_POP_HIST(1.0),CAN,POP,PS,_T,Y60T64,H,2010,1981245,A,1,0
OECD.ELS.SAE:DSD_POPULATION@DF_POP_HIST(1.0),CAN,POP,PS,_T,Y60T64,H,2011,2049933,A,1,0
OECD.ELS.SAE:DSD_POPULATION@DF_POP_HIST(1.0),CAN,POP,PS,_T,Y60T64,H,2012,2070138,A,1,0
OECD.ELS.SAE:DSD_POPULATION@DF_POP_HIST(1.0),CAN,POP,PS,_T,Y60T64,H,2013,2110672,A,1,0
OECD.ELS.SAE:DSD_POPULATION@DF_POP_HIST(1.0),CAN,POP,PS,_T,Y60T64,H,2014,2171609,A,1,0
OECD.ELS.SAE:DSD_POPULATION@DF_POP_HIST(1.0),CAN,POP,PS,_T,Y60T64,H,2015,2243211,A,1,0
OECD.ELS.SAE:DSD_POPULATION@DF_POP_HIST(1.0),CAN,POP,PS,_T,Y60T64,H,2016,2313160,A,1,0
OECD.ELS.SAE:DSD_POPULATION@DF_POP_HIST(1.0),CAN,POP,PS,_T,Y60T64,H,2017,2388056,A,1,0
OECD.ELS.SAE:DSD_POPULATION@DF_POP_HIST(1.0),CAN,POP,PS,_T,Y60T64,H,2018,2457486,A,1,0
OECD.ELS.SAE:DSD_POPULATION@DF_POP_HIST(1.0),CAN,POP,PS,_T,Y60T64,H,2019,2514070,A,1,0
OECD.ELS.SAE:DSD_POPULATION@DF_POP_HIST(1.0),CAN,POP,PS,_T,Y60T64,H,2020,2561677,A,1,0
OECD.ELS.SAE:DSD_POPULATION@DF_POP_HIST(1.0),CAN,POP,PS,_T,Y60T64,H,2021,2606885,A,1,0
OECD.ELS.SAE:DSD_POPULATION@DF_POP_HIST(1.0),CAN,POP,PS,_T,Y15T19,H,2010,2248876,A,1,0
OECD.ELS.SAE:DSD_POPULATION@DF_POP_HIST(1.0),CAN,POP,PS,_T,Y15T19,H,2011,2236197,A,1,0
OECD.ELS.SAE:DSD_POPULATION@DF_POP_HIST(1.0),CAN,POP,PS,_T,Y15T19,H,2012,2197641,A,1,0
OECD.ELS.SAE:DSD_POPULATION@DF_POP_HIST(1.0),CAN,POP,PS,_T,Y15T19,H,2013,2154873,A,1,0
OECD.ELS.SAE:DSD_POPULATION@DF_POP_HIST(1.0),CAN,POP,PS,_T,Y15T19,H,2014,2118889,A,1,0
OECD.ELS.SAE:DSD_POPULATION@DF_POP_HIST(1.0),CAN,POP,PS,_T,Y15T19,H,2015,2092961,A,1,0
OECD.ELS.SAE:DSD_POPULATION@DF_POP_HIST(1.0),CAN,POP,PS,_T,Y15T19,H,2016,2083843,A,1,0
OECD.ELS.SAE:DSD_POPULATION@DF_POP_HIST(1.0),CAN,POP,PS,_T,Y15T19,H,2017,2090598,A,1,0
OECD.ELS.SAE:DSD_POPULATION@DF_POP_HIST(1.0),CAN,POP,PS,_T,Y15T19,H,2018,2106395,A,1,0
OECD.ELS.SAE:DSD_POPULATION@DF_POP_HIST(1.0),CAN,POP,PS,_T,Y15T19,H,2019,2114650,A,1,0
OECD.ELS.SAE:DSD_POPULATION@DF_POP_HIST(1.0),CAN,POP,PS,_T,Y15T19,H,2020,2102402,A,1,0
OECD.ELS.SAE:DSD_POPULATION@DF_POP_HIST(1.0),CAN,POP,PS,_T,Y15T19,H,2021,2057449,A,1,0
OECD.ELS.SAE:DSD_POPULATION@DF_POP_HIST(1.0),CAN,POP,PS,_T,Y_LT20,H,2010,7871049,A,1,0
OECD.ELS.SAE:DSD_POPULATION@DF_POP_HIST(1.0),CAN,POP,PS,_T,Y_LT20,H,2011,7865018,A,1,0
OECD.ELS.SAE:DSD_POPULATION@DF_POP_HIST(1.0),CAN,POP,PS,_T,Y_LT20,H,2012,7857935,A,1,0
OECD.ELS.SAE:DSD_POPULATION@DF_POP_HIST(1.0),CAN,POP,PS,_T,Y_LT20,H,2013,7858925,A,1,0
OECD.ELS.SAE:DSD_POPULATION@DF_POP_HIST(1.0),CAN,POP,PS,_T,Y_LT20,H,2014,7870897,A,1,0
OECD.ELS.SAE:DSD_POPULATION@DF_POP_HIST(1.0),CAN,POP,PS,_T,Y_LT20,H,2015,7886794,A,1,0
OECD.ELS.SAE:DSD_POPULATION@DF_POP_HIST(1.0),CAN,POP,PS,_T,Y_LT20,H,2016,7949667,A,1,0
OECD.ELS.SAE:DSD_POPULATION@DF_POP_HIST(1.0),CAN,POP,PS,_T,Y_LT20,H,2017,8002681,A,1,0
OECD.ELS.SAE:DSD_POPULATION@DF_POP_HIST(1.0),CAN,POP,PS,_T,Y_LT20,H,2018,8072580,A,1,0
OECD.ELS.SAE:DSD_POPULATION@DF_POP_HIST(1.0),CAN,POP,PS,_T,Y_LT20,H,2019,8122020,A,1,0
OECD.ELS.SAE:DSD_POPULATION@DF_POP_HIST(1.0),CAN,POP,PS,_T,Y_LT20,H,2020,8144135,A,1,0
OECD.ELS.SAE:DSD_POPULATION@DF_POP_HIST(1.0),CAN,POP,PS,_T,Y_LT20,H,2021,8075533,A,1,0
OECD.ELS.SAE:DSD_POPULATION@DF_POP_HIST(1.0),CAN,POP,PS,_T,Y35T39,H,2010,2282303,A,1,0
OECD.ELS.SAE:DSD_POPULATION@DF_POP_HIST(1.0),CAN,POP,PS,_T,Y35T39,H,2011,2272425,A,1,0
OECD.ELS.SAE:DSD_POPULATION@DF_POP_HIST(1.0),CAN,POP,PS,_T,Y35T39,H,2012,2291997,A,1,0
OECD.ELS.SAE:DSD_POPULATION@DF_POP_HIST(1.0),CAN,POP,PS,_T,Y35T39,H,2013,2317467,A,1,0
OECD.ELS.SAE:DSD_POPULATION@DF_POP_HIST(1.0),CAN,POP,PS,_T,Y35T39,H,2014,2349272,A,1,0
OECD.ELS.SAE:DSD_POPULATION@DF_POP_HIST(1.0),CAN,POP,PS,_T,Y35T39,H,2015,2371229,A,1,0
OECD.ELS.SAE:DSD_POPULATION@DF_POP_HIST(1.0),CAN,POP,PS,_T,Y35T39,H,2016,2410025,A,1,0
OECD.ELS.SAE:DSD_POPULATION@DF_POP_HIST(1.0),CAN,POP,PS,_T,Y35T39,H,2017,2455926,A,1,0
OECD.ELS.SAE:DSD_POPULATION@DF_POP_HIST(1.0),CAN,POP,PS,_T,Y35T39,H,2018,2517339,A,1,0
OECD.ELS.SAE:DSD_POPULATION@DF_POP_HIST(1.0),CAN,POP,PS,_T,Y35T39,H,2019,2581046,A,1,0
OECD.ELS.SAE:DSD_POPULATION@DF_POP_HIST(1.0),CAN,POP,PS,_T,Y35T39,H,2020,2632387,A,1,0
OECD.ELS.SAE:DSD_POPULATION@DF_POP_HIST(1.0),CAN,POP,PS,_T,Y35T39,H,2021,2666647,A,1,0
OECD.ELS.SAE:DSD_POPULATION@DF_POP_HIST(1.0),CAN,POP,PS,_T,Y75T79,H,2010,913391,A,1,0
OECD.ELS.SAE:DSD_POPULATION@DF_POP_HIST(1.0),CAN,POP,PS,_T,Y75T79,H,2011,918943,A,1,0
OECD.ELS.SAE:DSD_POPULATION@DF_POP_HIST(1.0),CAN,POP,PS,_T,Y75T79,H,2012,925148,A,1,0
OECD.ELS.SAE:DSD_POPULATION@DF_POP_HIST(1.0),CAN,POP,PS,_T,Y75T79,H,2013,939265,A,1,0
OECD.ELS.SAE:DSD_POPULATION@DF_POP_HIST(1.0),CAN,POP,PS,_T,Y75T79,H,2014,961547,A,1,0
OECD.ELS.SAE:DSD_POPULATION@DF_POP_HIST(1.0),CAN,POP,PS,_T,Y75T79,H,2015,983024,A,1,0
OECD.ELS.SAE:DSD_POPULATION@DF_POP_HIST(1.0),CAN,POP,PS,_T,Y75T79,H,2016,1014301,A,1,0
OECD.ELS.SAE:DSD_POPULATION@DF_POP_HIST(1.0),CAN,POP,PS,_T,Y75T79,H,2017,1057690,A,1,0
OECD.ELS.SAE:DSD_POPULATION@DF_POP_HIST(1.0),CAN,POP,PS,_T,Y75T79,H,2018,1109685,A,1,0
OECD.ELS.SAE:DSD_POPULATION@DF_POP_HIST(1.0),CAN,POP,PS,_T,Y75T79,H,2019,1165334,A,1,0
OECD.ELS.SAE:DSD_POPULATION@DF_POP_HIST(1.0),CAN,POP,PS,_T,Y75T79,H,2020,1219909,A,1,0
OECD.ELS.SAE:DSD_POPULATION@DF_POP_HIST(1.0),CAN,POP,PS,_T,Y75T79,H,2021,1280543,A,1,0
OECD.ELS.SAE:DSD_POPULATION@DF_POP_HIST(1.0),CAN,POP,PS,_T,Y_LE4,H,2010,1871905,A,1,0
OECD.ELS.SAE:DSD_POPULATION@DF_POP_HIST(1.0),CAN,POP,PS,_T,Y_LE4,H,2011,1899812,A,1,0
OECD.ELS.SAE:DSD_POPULATION@DF_POP_HIST(1.0),CAN,POP,PS,_T,Y_LE4,H,2012,1917338,A,1,0
OECD.ELS.SAE:DSD_POPULATION@DF_POP_HIST(1.0),CAN,POP,PS,_T,Y_LE4,H,2013,1924654,A,1,0
OECD.ELS.SAE:DSD_POPULATION@DF_POP_HIST(1.0),CAN,POP,PS,_T,Y_LE4,H,2014,1927705,A,1,0
OECD.ELS.SAE:DSD_POPULATION@DF_POP_HIST(1.0),CAN,POP,PS,_T,Y_LE4,H,2015,1928878,A,1,0
OECD.ELS.SAE:DSD_POPULATION@DF_POP_HIST(1.0),CAN,POP,PS,_T,Y_LE4,H,2016,1942791,A,1,0
OECD.ELS.SAE:DSD_POPULATION@DF_POP_HIST(1.0),CAN,POP,PS,_T,Y_LE4,H,2017,1941838,A,1,0
OECD.ELS.SAE:DSD_POPULATION@DF_POP_HIST(1.0),CAN,POP,PS,_T,Y_LE4,H,2018,1940483,A,1,0
OECD.ELS.SAE:DSD_POPULATION@DF_POP_HIST(1.0),CAN,POP,PS,_T,Y_LE4,H,2019,1932784,A,1,0
OECD.ELS.SAE:DSD_POPULATION@DF_POP_HIST(1.0),CAN,POP,PS,_T,Y_LE4,H,2020,1919827,A,1,0
OECD.ELS.SAE:DSD_POPULATION@DF_POP_HIST(1.0),CAN,POP,PS,_T,Y_LE4,H,2021,1882571,A,1,0
OECD.ELS.SAE:DSD_POPULATION@DF_POP_HIST(1.0),CAN,POP,PS,_T,Y_GE85,H,2010,626533,A,1,0
OECD.ELS.SAE:DSD_POPULATION@DF_POP_HIST(1.0),CAN,POP,PS,_T,Y_GE85,H,2011,650718,A,1,0
OECD.ELS.SAE:DSD_POPULATION@DF_POP_HIST(1.0),CAN,POP,PS,_T,Y_GE85,H,2012,676778,A,1,0
OECD.ELS.SAE:DSD_POPULATION@DF_POP_HIST(1.0),CAN,POP,PS,_T,Y_GE85,H,2013,700718,A,1,0
OECD.ELS.SAE:DSD_POPULATION@DF_POP_HIST(1.0),CAN,POP,PS,_T,Y_GE85,H,2014,723445,A,1,0
OECD.ELS.SAE:DSD_POPULATION@DF_POP_HIST(1.0),CAN,POP,PS,_T,Y_GE85,H,2015,743490,A,1,0
OECD.ELS.SAE:DSD_POPULATION@DF_POP_HIST(1.0),CAN,POP,PS,_T,Y_GE85,H,2016,771720,A,1,0
OECD.ELS.SAE:DSD_POPULATION@DF_POP_HIST(1.0),CAN,POP,PS,_T,Y_GE85,H,2017,796304,A,1,0
OECD.ELS.SAE:DSD_POPULATION@DF_POP_HIST(1.0),CAN,POP,PS,_T,Y_GE85,H,2018,817520,A,1,0
OECD.ELS.SAE:DSD_POPULATION@DF_POP_HIST(1.0),CAN,POP,PS,_T,Y_GE85,H,2019,838882,A,1,0
OECD.ELS.SAE:DSD_POPULATION@DF_POP_HIST(1.0),CAN,POP,PS,_T,Y_GE85,H,2020,856146,A,1,0
OECD.ELS.SAE:DSD_POPULATION@DF_POP_HIST(1.0),CAN,POP,PS,_T,Y_GE85,H,2021,871432,A,1,0
